1.291,-0.566,-2.869,6.737
-0.047,0.627,-3.192,3.663
-0.771,0.281,-4.457,4.630
-0.175,0.971,-9.305,4.769
0.663,-0.371,-7.399,4.985
-0.525,-0.024,-7.354,2.735
0.478,0.242,-3.690,4.556
-1.374,-0.503,-6.058,3.078
0.400,0.440,-1.488,3.761
-0.044,0.957,-2.332,3.471
-0.097,-0.345,-2.745,3.725
-1.991,-0.524,-8.339,3.251
-1.236,-1.081,-0.709,3.731
0.029,0.198,0.490,3.533
0.839,1.454,-9.224,3.252
-1.590,0.394,-3.572,4.009
-0.674,-0.422,-5.821,5.042
-0.724,-0.558,-5.036,2.463
-0.213,0.068,-4.717,3.950
-0.314,0.577,-8.731,3.899
-1.194,-2.103,-3.826,4.071
0.380,2.888,-4.760,4.606
0.573,0.071,-7.744,3.559
1.078,1.767,-3.550,2.094
1.161,-0.212,-2.307,5.371
-1.009,-0.187,-5.267,4.854
1.107,-0.842,-6.010,3.671
1.020,1.168,-4.703,4.414
0.981,0.156,-6.977,4.860
-0.632,0.148,-0.737,4.258
-1.488,1.677,-3.906,2.647
-0.380,-1.820,-4.643,4.367
-1.580,-0.167,-3.371,3.060
1.048,-0.293,-5.415,2.806
-0.546,0.571,-6.244,3.906
-1.819,0.274,-3.678,3.582
1.211,-1.475,-1.324,2.501
0.199,0.277,-1.972,3.478
-0.466,0.786,-1.446,5.032
-0.736,-0.535,-3.399,4.333
2.068,0.746,-8.771,6.390
-0.315,1.841,-8.403,1.849
0.582,0.310,-2.780,5.747
-2.565,0.351,-3.602,5.050
-0.629,1.458,-6.035,4.098
1.241,-1.838,-4.074,4.085
2.074,0.624,-5.073,4.492
-1.126,-0.368,-3.817,2.134
1.124,-0.535,-1.099,1.572
1.264,-0.355,-3.059,5.996
0.470,-1.033,-6.372,3.560
0.472,1.396,-4.688,1.359
-0.945,1.351,-5.991,5.111
-1.337,-0.729,-3.906,3.012
2.225,0.078,-6.841,4.679
0.013,-0.068,-3.121,3.085
-0.009,2.161,-7.498,3.637
0.291,1.346,0.319,4.856
0.989,-0.994,-7.876,3.965
-1.364,-0.191,-3.672,3.998
0.343,-0.589,-7.727,3.171
-1.635,-0.295,-6.506,3.548
0.741,0.164,-4.074,4.247
-1.039,0.018,-2.702,5.395
-0.529,-0.830,-6.026,2.862
1.370,-0.079,0.374,3.664
0.579,-0.183,-2.115,3.586
1.513,0.499,-1.853,5.661
0.022,-0.446,-4.154,4.165
0.615,0.491,-4.970,4.797
1.327,1.558,-5.476,4.252
-0.247,-0.179,-1.798,5.169
-0.319,1.237,-4.475,3.535
-0.019,-0.395,-8.117,4.933
1.455,-1.014,-8.444,4.028
-1.310,0.492,-2.373,3.847
0.278,-0.974,-2.726,3.073
0.919,0.315,-4.665,3.784
-0.417,1.199,-4.935,4.693
-1.845,-0.022,-3.496,3.420
-0.086,0.920,-6.965,5.173
1.203,1.308,-0.901,4.684
0.014,0.405,-2.016,3.851
0.151,-1.842,-6.304,3.287
-1.043,0.169,-10.432,4.671
0.930,-0.198,-5.470,5.609
-0.608,-0.438,-5.335,2.716
1.112,-1.036,-0.934,4.726
1.040,0.607,-5.767,4.245
1.103,-0.309,-5.727,4.866
1.501,1.692,-8.218,4.151
0.051,-0.590,-5.594,3.773
-1.378,1.378,-6.033,4.333
0.829,0.343,-0.342,3.537
0.711,1.114,-7.455,4.142
0.526,0.610,-3.128,4.941
0.684,0.395,-4.447,4.749
0.479,-1.488,-3.993,3.693
0.072,2.298,-7.139,3.444
0.408,-0.345,-4.700,4.886
-0.268,-1.840,-1.654,3.709
0.543,-0.675,-0.553,5.471
-0.548,-2.290,-5.856,3.224
0.726,0.422,-3.510,4.930
-0.007,0.457,-3.242,4.638
-0.202,0.650,-3.665,2.502
-0.236,0.772,-4.111,5.696
-0.580,0.401,-6.823,4.531
-0.249,-0.320,-7.571,4.441
-1.403,0.150,-4.691,3.052
-1.705,0.431,-4.636,4.613
0.438,1.624,-3.733,4.118
0.053,-3.178,-1.844,4.837
-1.131,-2.030,-4.788,4.283
0.165,1.007,-4.613,3.966
0.703,-0.078,-3.729,5.956
-0.114,-0.001,-7.490,3.916
0.439,0.215,-5.651,4.223
-0.428,-1.269,-3.701,4.758
-0.069,0.896,-7.679,4.554
0.054,-1.826,-7.297,6.568
-1.910,0.692,-8.270,4.390
-0.752,0.467,-1.902,4.315
0.618,2.045,0.262,5.769
0.689,0.460,-4.781,4.293
-0.516,0.213,-3.648,4.302
-0.508,-1.022,-7.142,3.525
0.604,-0.070,-3.316,4.904
-0.710,-1.656,-3.713,3.290
0.726,-0.217,-4.466,3.533
-0.544,1.231,-8.106,3.204
0.948,0.083,-9.756,5.282
0.269,0.453,-6.680,2.678
0.743,0.498,-7.387,1.954
-1.024,-0.963,-6.322,3.234
0.073,0.093,-4.148,4.633
0.577,-1.077,3.382,4.367
-0.119,0.028,-2.277,3.509
-0.263,-2.187,-4.583,3.671
0.932,-0.249,-6.994,3.804
0.292,-0.035,-6.139,4.960
-1.688,0.930,-2.877,3.015
1.125,0.169,-1.605,3.879
0.563,0.882,-3.570,4.883
-0.320,-1.215,-6.243,3.987
-0.213,0.618,-7.100,5.068
-0.913,-1.932,2.276,4.705
1.649,-0.211,-0.380,3.881
0.606,-1.980,-4.498,3.052
-1.114,-0.677,-5.136,4.115
-0.968,0.131,-7.546,3.289
1.805,-1.536,-2.522,5.039
0.358,-1.099,-10.613,4.035
-0.653,0.310,-1.165,3.973
-0.109,1.289,0.689,5.779
-0.462,0.122,-7.425,4.066
-0.792,-1.408,-8.307,2.571
0.094,-0.166,-7.292,3.145
0.780,0.786,-2.627,3.994
0.136,-0.218,-5.215,6.190
-1.797,0.615,-4.091,5.148
0.850,-1.482,-3.354,4.268
-0.808,1.061,-2.767,5.722
0.267,-0.823,-3.090,2.295
-0.296,-0.687,-7.792,4.681
0.255,0.440,-4.457,2.223
0.884,0.469,-2.983,3.748
-0.235,0.266,-4.839,3.370
0.071,-0.921,-2.035,5.189
-0.145,-1.000,-1.737,3.573
-1.316,-1.704,-7.265,4.150
1.259,-1.245,-3.801,5.390
2.028,0.865,-5.536,4.133
1.637,-0.026,-5.615,4.598
1.686,2.097,-2.289,3.089
1.464,0.318,-5.463,2.951
0.993,-0.544,-3.898,4.334
-0.594,-0.887,-3.091,4.306
-0.270,-0.827,-4.789,3.700
-1.391,-0.019,-5.824,3.741
-2.256,0.286,-8.797,4.676
-1.304,0.381,-3.460,4.924
-0.083,0.840,-5.428,5.948
-1.140,1.001,-8.317,3.593
-1.083,-0.294,-1.308,1.949
1.985,-1.597,-3.137,2.348
-0.521,1.216,-6.861,3.116
0.716,1.002,-5.441,0.349
1.524,0.612,-3.443,4.181
0.684,1.147,-2.070,3.310
-0.764,2.962,-2.475,2.963
-0.448,-1.752,-4.870,2.302
-0.785,0.209,-4.871,3.157
1.514,-0.387,-2.732,3.848
0.106,0.523,-8.589,3.024
-0.174,0.491,-5.650,2.825
-0.888,1.223,-6.361,4.241
-0.043,2.220,-6.123,2.501
1.149,-0.520,-1.575,3.590
0.276,-0.527,-0.144,3.826
-0.257,0.006,-2.952,5.114
0.834,-0.097,-5.283,3.290
-0.059,0.823,-1.152,4.028
0.335,-0.865,-9.828,5.741
-1.012,-0.475,-5.630,4.199
1.398,0.593,-4.700,3.985
0.835,0.061,-4.128,4.406
-1.453,0.128,-8.486,3.052
-0.855,0.132,-3.915,5.948
0.867,-0.296,-2.447,5.120
0.586,1.096,-1.587,2.508
-1.585,0.825,-1.263,5.085
-0.548,-0.210,-5.394,4.416
-1.189,1.986,-3.899,5.687
-1.446,0.864,-8.680,3.845
-0.600,1.199,-9.236,2.790
-1.088,1.968,-3.491,2.998
-0.275,-0.271,-4.825,3.519
-1.006,-0.489,-3.211,4.553
-0.687,1.195,-10.075,2.600
0.332,-0.038,-1.394,4.546
0.204,-0.384,0.730,4.809
1.175,-0.613,-6.270,4.845
-0.093,0.373,-8.170,3.707
0.625,-0.646,-7.248,5.691
0.064,1.120,-5.725,6.147
-0.334,-0.091,-8.193,4.519
1.726,1.298,-4.856,4.123
0.543,0.817,0.825,4.211
1.279,-1.298,-4.675,5.336
0.290,-1.169,-3.717,4.514
-1.628,-0.088,-3.097,3.033
0.358,0.987,-2.396,3.476
-0.369,-0.023,-4.207,5.411
-0.556,-1.137,-5.828,3.585
-1.172,1.109,-5.154,5.582
-0.599,0.208,-6.767,4.448
-1.730,0.876,-6.942,3.208
-1.228,0.765,-4.684,2.908
0.328,-0.335,-2.276,4.510
0.263,-0.773,-8.103,4.900
-1.239,1.821,-4.860,3.722
0.279,1.038,-2.326,3.139
0.429,-1.576,-5.323,5.333
2.124,0.069,-1.916,2.995
-0.242,0.540,-1.557,4.315
-0.814,-0.793,-5.890,4.025
-0.613,-1.511,-2.815,2.984
-0.221,0.538,-5.667,3.439
0.639,0.046,-1.177,4.726
0.559,0.202,-5.017,4.538
0.141,-0.775,-5.525,4.933
-0.537,-1.240,-5.202,2.855
-0.943,-0.511,-6.897,4.167
-0.013,-0.814,-4.118,5.460
0.691,-2.761,-11.337,3.533
0.372,1.292,-10.395,4.176
0.829,-1.276,-7.387,3.501
-0.922,-0.552,-8.180,3.670
-2.914,-0.415,-2.833,3.468
-0.285,-0.056,-0.638,2.803
0.514,-0.710,-6.670,3.341
0.891,0.371,-5.376,3.875
-0.347,-1.392,-8.314,5.979
1.380,-0.215,-6.968,4.448
-0.430,-0.093,-5.544,4.694
-0.629,0.485,-6.937,4.249
-1.314,-0.217,-0.570,3.518
-0.458,-2.032,-1.509,4.694
1.185,-0.070,-12.608,3.651
-1.186,1.775,-1.793,4.132
0.366,-0.057,-2.795,5.164
0.272,-1.772,-9.508,4.743
-0.146,0.866,-7.350,1.083
-0.191,0.313,-1.834,3.734
0.653,0.637,-6.186,3.613
0.359,1.695,-9.482,4.420
2.901,0.996,-1.258,2.956
0.158,-1.401,-9.584,3.221
-0.251,0.781,-3.719,3.176
-1.278,0.296,-7.188,5.876
-1.807,-0.848,-5.587,5.428
-0.595,0.078,-0.201,3.592
0.275,0.426,-4.952,2.023
-1.095,-0.735,-3.029,2.080
-0.733,0.237,-2.341,3.729
1.123,0.867,-1.912,3.735
-0.147,-1.007,-0.510,3.341
-0.636,-0.997,-3.641,3.304
-0.180,-0.548,-7.576,4.941
-0.782,-0.659,-3.976,5.191
-0.329,-0.514,-1.831,4.559
0.898,0.169,-3.815,5.087
-0.486,2.334,-2.392,3.387
-0.351,-1.601,-3.540,5.723
-0.215,0.767,-6.920,3.510
-0.265,-0.336,-5.186,3.678
-0.447,0.858,-7.084,5.420
0.403,-0.115,-5.925,3.452
-1.978,0.319,-8.116,3.487
-0.199,-0.561,-3.849,4.543
0.225,0.322,-4.961,4.579
-0.719,-1.646,-9.267,4.983
0.312,-1.422,-2.389,5.108
-1.969,-0.479,-10.316,4.185
2.691,-0.269,-5.760,4.111
0.433,-0.069,-3.992,3.368
-1.511,0.172,-5.067,5.126
0.104,-0.105,-5.510,3.043
-0.472,-0.149,-1.872,4.297
-0.662,-1.470,-4.786,1.367
-0.674,-0.362,-4.659,3.197
-1.517,0.811,-2.603,4.268
-0.261,-0.751,-7.822,2.748
0.701,0.424,-7.109,5.081
-0.860,0.064,-4.126,4.364
1.321,0.935,-8.417,4.344
0.763,1.508,-2.388,2.646
1.525,-0.617,-0.174,2.918
0.865,0.636,-5.321,4.885
0.326,-0.635,-5.029,5.602
0.052,2.757,-2.001,3.964
0.531,-2.169,-8.812,4.155
-0.220,0.419,-9.926,4.728
-0.344,0.114,-7.383,3.528
-1.379,-0.033,-6.268,4.117
-0.214,-0.411,-2.508,4.069
0.298,0.743,-4.456,2.724
-1.272,0.870,-5.966,5.645
-0.527,-0.845,-2.146,3.690
-0.238,-0.404,-1.217,4.466
-1.416,0.176,-4.686,2.586
0.748,2.245,-2.715,3.890
-0.089,-2.800,-7.986,4.633
0.756,0.029,-3.846,5.353
0.603,0.661,-6.493,3.358
0.083,-1.005,-2.115,4.192
-1.304,-0.548,-3.291,5.110
1.510,2.176,-0.873,4.584
0.553,-2.410,-2.594,3.138
0.802,-0.173,-3.618,1.961
0.041,-0.541,-4.818,4.732
-1.785,-0.622,-9.579,3.603
-1.095,0.940,-6.709,5.396
-0.948,1.688,-3.737,4.215
-0.711,1.058,-9.952,2.359
0.083,0.218,-0.822,5.934
-1.660,-1.033,-5.439,4.410
-0.440,0.953,-3.776,4.209
0.327,-1.724,-2.684,1.508
-0.580,-1.475,-1.010,4.398
-0.149,-1.976,-2.276,4.593
-1.723,-0.264,-7.597,2.431
-0.015,0.308,-6.311,3.522
-0.396,-0.721,-3.537,1.955
-0.917,-0.645,-8.143,3.507
0.947,-2.271,-5.529,3.884
0.026,0.962,-3.850,3.130
-0.197,0.423,-2.379,2.391
0.155,0.041,-7.833,1.417
0.979,-0.551,-5.369,3.181
0.586,0.096,-4.658,4.887
0.613,1.715,-5.598,2.800
0.425,0.661,-4.037,2.696
-0.175,-0.274,-0.127,3.821
-0.364,-0.983,-1.735,4.801
-0.627,-0.781,-2.926,3.600
-0.217,0.346,0.072,2.647
-0.215,-0.762,-4.519,3.420
-0.741,0.166,-7.419,2.839
1.585,0.264,-4.447,4.252
0.730,-0.143,-3.561,4.582
2.273,-0.047,-3.699,3.550
-0.718,0.171,-1.182,3.692
1.759,0.617,-5.430,3.188
-1.649,-0.216,-6.200,4.374
-0.084,-0.872,0.206,3.450
0.152,0.153,-7.757,4.282
-0.103,-0.669,-0.994,2.423
2.530,-2.569,-6.294,3.609
-1.015,0.316,-6.134,1.969
-0.727,0.158,-6.253,2.927
0.533,0.230,-2.954,4.158
0.031,-0.570,-5.801,4.521
-0.864,-0.494,-7.094,4.966
0.476,-1.225,-6.179,4.763
0.500,1.129,-9.458,5.445
-1.322,-1.074,-3.902,3.224
0.314,1.643,-6.541,4.388
1.787,1.138,-2.236,3.832
-0.070,0.058,-0.562,5.668
-0.018,-1.909,-4.807,3.207
-1.463,0.658,-4.370,3.944
0.112,0.401,-5.409,4.389
0.649,0.351,-5.603,5.519
-0.400,-0.570,-9.662,3.297
-1.680,0.156,-5.661,4.918
2.519,-1.873,-8.551,4.737
0.089,1.869,-2.321,4.577
0.998,-0.172,-3.791,4.754
0.304,-0.192,-7.130,4.176
-0.760,1.590,-5.705,3.239
0.472,-1.390,-2.986,4.023
-0.698,0.811,-4.875,3.660
0.365,0.456,0.965,4.756
0.812,2.315,-5.123,4.274
-0.203,1.297,-3.230,6.078
0.058,-1.076,-3.920,3.534
-0.853,-1.067,-9.211,5.081
-1.995,0.930,-9.181,3.107
-0.510,0.629,-4.114,3.099
1.152,1.009,-1.229,3.746
-1.247,0.031,-5.822,5.419
0.251,0.893,0.315,3.311
0.954,-1.618,-3.391,2.459
-1.587,-1.391,-0.833,3.747
1.090,0.058,-5.037,4.871
-1.725,1.038,-2.313,3.984
0.514,0.128,-2.962,3.206
-1.314,-0.433,-9.830,2.490
-0.004,1.532,-7.928,4.101
-0.861,0.181,-8.916,5.594
0.313,-0.058,-4.162,4.142
1.190,-0.403,-6.305,5.902
-1.064,-0.888,-3.073,2.666
-0.635,-0.091,-2.046,4.298
2.177,-0.319,-8.026,5.873
-0.935,-1.089,-0.168,4.641
-1.317,-0.967,2.848,3.349
1.158,0.387,-2.200,3.983
0.079,-0.233,-3.746,4.035
-0.349,-0.792,-2.505,2.602
0.280,0.704,-3.243,4.718
0.183,-1.352,-3.240,4.742
1.701,0.908,-5.917,3.943
-0.100,-1.390,-5.337,2.419
-1.553,0.136,-6.810,4.993
-1.511,-1.840,-6.959,5.414
0.430,-0.678,-7.082,3.468
-1.092,-0.242,-4.816,4.310
0.572,-1.200,-1.103,4.487
0.298,-1.851,-1.942,3.724
0.803,-1.337,-3.959,3.364
-0.059,-1.169,-9.071,3.734
1.121,0.034,-6.372,1.859
0.052,0.273,-3.712,1.174
-0.165,1.204,-8.430,1.909
0.612,0.708,-6.863,3.590
0.292,-0.396,-7.071,4.327
0.925,0.153,-3.825,4.921
1.579,0.177,-1.525,4.890
-1.644,0.444,-2.297,3.621
1.340,-1.094,-0.986,3.793
0.559,1.526,-7.650,2.885
0.094,1.497,-1.593,4.232
-1.592,-0.020,-4.131,3.132
-0.060,-0.217,-1.576,4.264
-0.655,-1.201,-4.250,3.583
-0.023,-1.793,-9.139,2.465
2.061,0.099,-6.718,2.364
2.263,0.267,-5.524,4.261
1.399,1.164,-2.336,3.648
1.106,-0.508,-4.441,4.002
2.380,1.526,-7.130,5.728
0.722,0.122,-2.917,5.428
-0.475,-1.863,-1.063,3.888
1.379,-0.077,-9.180,1.491
-0.177,1.101,-4.614,4.342
1.111,-0.109,-3.425,5.259
0.227,-0.585,-2.327,3.503
1.687,-2.472,-4.943,4.789
-2.177,-0.380,-6.816,2.916
0.634,0.082,-8.725,3.434
0.210,-0.965,-7.069,4.546
-0.317,1.757,-4.420,3.679
0.150,-2.034,-0.723,5.408
-0.191,-0.788,-5.068,4.058
1.125,-0.400,-1.373,4.010
-1.671,0.498,-5.007,5.210
-0.473,1.882,-6.573,4.023
-0.180,-0.701,-3.178,4.692
-0.718,0.038,-6.043,3.642
2.744,-0.207,-4.836,2.927
-1.378,0.681,1.438,4.029
0.093,-0.020,-2.821,5.176
0.734,-1.193,-5.190,1.795
-0.358,0.514,-0.169,4.225
-1.637,-0.129,-4.874,4.459
0.739,0.484,-2.190,3.733
0.457,0.793,-5.017,3.990
1.556,-1.307,-6.785,2.689
0.916,-0.566,-3.001,1.587
1.803,-0.448,-3.995,3.910
-0.518,-0.571,-8.318,5.657
0.506,0.074,-4.448,4.545
1.299,0.223,-1.302,4.680
1.679,0.101,-4.741,5.071
-0.919,-1.005,-5.963,3.115
-1.214,0.563,-5.787,2.898
-0.428,-0.776,-3.402,3.161
0.147,-0.555,-4.465,2.761
0.147,1.378,-4.809,4.053
1.393,-2.297,-4.163,4.394
0.719,-1.502,-2.490,4.143
0.116,-0.201,-1.598,4.550
1.244,0.239,-8.453,5.274
-0.119,-1.586,-5.746,3.852
-1.408,0.550,-6.945,3.365
-0.843,1.609,-8.411,4.558
-1.435,-1.441,-9.372,5.503
0.782,-1.053,-4.481,5.188
-0.039,0.360,-4.705,3.764
1.578,0.045,-5.461,4.719
-0.153,-0.110,-4.124,4.055
0.842,0.356,-3.923,4.224
2.163,0.298,-5.500,4.162
-0.232,0.156,-4.030,4.426
2.008,-0.155,-4.271,3.461
-0.510,0.433,-1.011,3.524
0.424,1.113,-10.177,4.270
-0.319,0.782,-4.057,5.121
-1.272,-0.255,-4.584,2.837
-1.621,-2.121,-0.113,5.247
-0.821,-0.423,-4.275,3.033
-0.019,0.520,-5.094,4.683
1.121,0.857,-4.014,1.330
-1.308,0.956,-2.337,4.544
2.517,-1.421,-3.791,2.293
-0.723,-0.044,-2.289,3.792
1.112,0.573,1.436,2.224
-1.076,-1.689,-7.255,4.548
1.206,-0.991,-3.876,5.304
1.019,-0.208,-6.413,4.649
0.126,0.463,-1.593,1.869
-0.326,1.208,-3.607,4.216
1.993,-1.996,-2.625,5.090
-0.287,0.468,-4.237,2.513
0.728,0.084,-5.642,5.861
0.866,2.113,-2.884,4.487
0.069,-0.929,-3.564,5.404
-0.060,-1.082,-7.486,4.182
1.409,0.219,-2.287,4.034
-0.627,-0.759,1.002,4.312
-0.605,-0.606,-1.531,3.690
0.012,-1.474,-3.927,4.344
0.627,0.569,-4.569,3.542
0.077,0.581,-1.246,3.767
0.084,-0.627,-5.428,1.827
-1.138,-1.047,-9.791,2.953
0.202,-0.035,-3.055,3.673
0.717,-0.181,-7.846,4.233
0.969,-0.541,-4.718,4.593
-0.469,0.953,-6.076,3.342
-1.517,0.457,-4.280,5.021
-0.465,-0.250,-2.689,2.785
-0.006,0.665,-5.210,4.041
-0.728,2.035,-6.187,3.256
-0.341,-1.317,-0.016,4.867
0.933,-0.742,-8.815,3.672
-0.276,-0.221,-5.617,3.525
0.727,0.477,-1.737,2.968
0.066,-1.813,-3.352,3.789
0.193,-0.218,-8.101,5.997
1.305,-1.700,-5.041,4.363
-1.118,-0.260,-5.900,4.787
-1.208,-2.337,-4.747,3.851
0.679,-0.773,-5.529,4.577
1.799,1.052,-3.596,4.493
0.994,-0.001,-4.969,3.316
-0.181,0.019,-0.058,4.339
0.169,0.289,-7.771,4.095
-0.833,1.058,-6.629,3.612
-1.037,0.140,-2.067,4.795
0.251,-1.102,-2.792,5.253
1.984,0.512,-3.527,4.446
0.825,-1.041,-5.609,5.645
-0.636,0.496,-3.899,3.988
-0.020,-0.771,-3.808,3.253
0.264,-0.461,-2.204,4.447
0.255,-0.580,0.290,5.240
0.963,-0.240,0.346,4.837
0.604,-1.312,-4.639,5.098
-0.716,0.782,-8.915,3.127
-0.122,1.417,-5.133,4.764
2.100,0.201,-6.097,4.740
-0.091,0.483,-4.437,2.012
0.676,-0.333,-6.640,5.067
0.193,-0.432,-6.908,4.641
0.436,-1.093,-3.988,4.460
0.088,0.004,-3.200,3.605
0.973,1.065,-6.589,2.604
-1.413,-0.548,-5.897,4.214
-0.397,0.557,-8.350,3.122
-2.227,-0.554,-4.666,3.443
-0.049,-0.100,-8.304,3.917
0.051,-0.186,-3.272,3.994
-0.640,-0.841,-7.771,5.334
-1.362,3.017,-6.358,3.474
2.262,-0.769,-5.717,4.719
0.241,-0.954,-5.831,2.734
-0.597,-0.918,-9.736,3.447
0.856,-0.155,-4.646,2.950
-0.867,-0.145,-8.639,5.841
0.512,-0.875,-5.938,3.952
0.124,-0.528,-5.527,5.063
-0.014,1.606,-3.891,1.355
-0.163,-1.066,-5.519,2.226
-0.785,-0.980,0.377,3.507
-0.640,2.074,-5.751,3.987
-0.278,0.916,-5.548,4.164
-0.234,-0.836,-7.019,3.732
0.380,-0.688,-8.051,2.934
-0.878,-0.963,-7.195,4.475
-0.049,-1.020,-0.469,3.006
0.897,-0.717,-4.643,4.483
0.912,-0.499,-1.161,3.691
0.895,0.355,-2.904,4.138
1.034,1.217,-5.847,4.476
-0.718,-0.737,-6.737,3.083
-0.373,0.732,-9.004,4.272
0.308,-0.299,-4.877,3.759
-0.273,0.519,-0.965,4.843
0.187,-0.278,-9.440,3.697
-0.619,-0.994,-2.893,5.182
0.194,-1.577,-5.512,5.436
-0.143,-0.856,-4.143,4.400
0.605,-0.474,-2.717,6.027
-1.168,-0.207,-5.825,4.455
0.834,0.442,-5.037,5.181
0.841,1.332,0.350,1.244
1.139,-0.087,-4.082,3.135
0.789,1.268,-6.501,5.227
-1.457,0.049,-2.461,4.502
-1.529,-0.565,-6.112,4.362
-1.700,-1.136,-7.010,3.973
0.309,0.836,-8.753,5.561
2.144,-0.147,-3.795,4.102
-0.336,-0.408,-6.605,5.689
-1.066,-0.611,-4.637,3.802
-0.872,-0.037,-2.147,3.592
-1.644,-0.068,-7.173,3.930
0.115,-0.101,-7.849,4.466
-1.393,-0.666,-8.022,4.524
0.661,-0.962,0.341,4.062
1.453,-0.886,-9.416,3.437
0.146,0.366,-6.995,5.383
1.436,-0.881,-5.035,5.141
1.194,-1.766,-1.445,4.191
-0.953,0.841,-2.580,5.603
-0.100,0.912,-6.806,3.544
0.087,-1.272,-11.524,5.819
0.900,-1.440,-2.107,2.330
0.136,-0.715,-3.341,3.989
-0.287,0.583,-4.620,3.157
-0.835,-0.103,-5.200,3.575
-0.072,-0.760,-9.027,2.899
0.018,0.489,-4.456,3.703
-0.681,-0.565,-3.337,3.944
0.986,-0.593,-6.014,4.361
1.752,-0.359,-9.774,4.740
1.697,-2.311,-2.594,3.847
0.165,0.249,-5.807,4.348
-1.877,0.707,-2.435,3.458
-1.239,-0.270,-5.946,3.431
0.765,1.023,-5.863,3.434
0.020,-0.359,-7.738,4.183
1.180,-1.923,-5.754,3.261
-0.277,0.387,-0.660,5.670
-0.634,-2.264,-5.434,3.714
1.150,-0.487,-5.300,5.149
0.370,-0.755,-6.469,4.164
-0.299,1.507,-10.225,4.132
1.437,1.480,3.829,6.017
0.152,1.497,-7.402,2.859
1.458,-0.188,-5.120,4.789
-0.752,0.643,-4.220,3.841
-0.621,0.015,-5.617,3.608
0.446,0.320,-7.239,3.293
-0.535,1.903,-5.665,5.188
0.571,1.109,-6.584,4.053
-1.090,0.270,-1.650,3.032
1.317,0.149,-7.383,5.020
-0.789,0.842,-6.964,3.132
-0.264,0.733,-8.818,3.373
0.237,-0.853,-1.678,2.538
-0.326,1.516,-3.858,4.309
-2.320,0.141,-6.763,3.672
-0.934,-0.594,-4.684,5.264
0.603,0.744,-8.426,3.160
-0.217,0.549,-6.048,3.350
-1.624,-0.019,-8.385,2.544
-0.051,-0.999,-3.844,4.927
-0.320,0.972,-1.866,4.467
0.247,-0.833,-12.322,5.901
0.944,0.411,-5.223,4.684
-1.489,-0.373,-2.250,2.532
0.739,0.358,-6.855,3.554
0.035,-0.325,-1.172,4.539
1.629,-0.425,-5.289,2.754
1.362,0.203,-4.985,3.170
0.346,-1.885,-3.625,4.907
-1.411,-0.502,-8.190,3.283
0.001,1.478,-2.145,3.037
-0.426,-0.334,-0.157,3.727
1.431,-0.344,-7.427,5.345
0.926,0.096,-3.768,3.293
-1.122,0.908,-3.700,4.227
-1.245,0.066,-5.529,4.142
-0.284,-0.758,-11.476,2.760
-0.545,-1.691,-2.984,3.762
1.902,0.894,-5.568,4.857
-1.792,-0.744,-1.157,2.046
1.363,-0.875,-7.317,3.955
-1.176,1.008,-10.437,3.456
0.772,0.743,-2.808,5.511
-0.855,-0.624,-6.536,3.990
-0.390,0.041,-7.018,2.903
0.423,-0.279,-9.176,3.453
1.157,0.557,-3.961,4.798
-0.753,0.194,-5.141,4.675
-0.395,-1.318,-1.150,4.084
-1.275,-0.489,-6.106,3.659
-0.195,0.149,-5.721,4.700
0.552,0.400,-2.051,2.693
-0.519,0.563,-10.611,4.114
1.387,-0.692,-1.540,4.200
1.355,2.165,-2.123,3.190
0.638,-0.639,-5.016,4.794
-1.520,1.386,-4.887,4.682
-0.600,-0.643,-5.424,3.292
-0.091,0.688,-6.878,4.414
0.977,-0.159,-3.570,4.740
-0.504,1.116,-1.629,5.551
1.133,-0.290,-3.816,3.553
1.727,-0.043,-7.218,4.269
-0.610,-0.011,-4.114,3.700
0.752,-0.867,-2.310,4.107
-1.790,-0.009,-6.415,3.600
-0.295,1.971,-5.387,4.292
-0.659,-1.233,-9.697,3.467
2.030,-0.808,-5.345,2.488
1.274,0.639,-5.705,3.287
0.793,-1.884,-4.961,4.929
-0.616,-0.499,-4.072,4.856
-0.414,-0.383,-6.895,3.637
-1.355,-0.156,-5.240,4.902
-1.139,-1.081,-3.224,3.619
-0.141,1.835,-2.122,3.320
0.747,-1.128,-5.276,3.970
0.386,-1.589,-2.990,2.657
-2.141,-1.123,0.247,2.502
0.267,0.853,-2.494,3.764
-0.202,0.417,-4.566,2.553
0.186,0.733,-5.601,4.178
-0.358,0.429,-3.018,3.084
1.341,-1.130,-4.703,3.438
0.265,-2.761,-4.320,2.614
-0.949,-0.021,-6.278,3.630
0.517,-0.839,-5.934,2.294
1.139,0.452,-1.812,3.706
0.048,-0.320,-1.430,4.693
-1.005,0.972,-5.339,3.599
1.344,0.244,-6.436,4.467
-0.051,0.307,-3.829,3.280
0.094,1.487,-1.183,4.147
-1.507,0.131,-9.625,3.226
-0.704,1.114,-2.947,4.140
1.099,-0.612,-8.951,4.040
0.692,-0.648,-5.275,2.408
0.041,0.604,-1.881,3.616
1.353,-1.945,-5.693,5.880
-1.067,-1.595,-1.724,3.013
-1.685,2.469,-6.348,2.709
-0.270,0.906,-2.828,5.395
-1.819,-0.479,-4.031,5.104
-0.603,-1.208,-3.450,3.650
1.465,0.521,-7.676,3.643
0.607,-1.717,-4.344,3.727
2.406,0.091,-6.623,4.160
-0.294,1.180,-9.619,4.297
0.391,-0.962,-6.889,2.332
-0.738,2.373,0.186,5.835
0.627,-0.476,-6.788,3.905
1.411,-0.762,-6.241,3.201
-1.168,-0.774,-5.879,3.215
0.611,0.611,-5.986,3.913
-2.855,0.889,-1.794,5.046
0.709,-0.480,-8.437,3.884
-0.157,-0.747,0.541,3.655
-0.018,0.994,-6.307,3.789
0.821,1.264,-6.117,3.763
1.894,-1.585,1.137,3.161
0.461,-2.576,-5.805,4.305
-0.365,1.316,-1.964,6.577
0.395,-0.280,-1.396,3.337
2.157,-0.904,-8.599,4.440
1.451,0.613,-4.517,4.593
-1.418,0.593,-9.404,5.613
-0.248,0.552,-1.093,4.017
-0.264,-0.135,-9.657,2.550
0.388,-1.277,-5.191,4.163
0.183,1.735,-6.282,3.945
-1.418,-0.791,-9.215,5.035
-0.838,-1.674,-5.683,2.819
-0.029,-0.887,1.156,2.529
0.596,-0.523,-4.434,5.672
0.931,0.095,-4.971,4.066
-0.070,1.369,-7.542,2.676
1.359,-1.194,-6.405,3.522
2.074,1.346,-2.147,5.160
-0.653,-1.011,-6.319,3.716
0.730,2.088,-1.094,3.621
1.239,1.150,-2.858,2.931
-1.748,0.765,-0.696,4.547
1.872,-1.775,-2.386,5.937
-0.739,1.222,-1.484,5.695
-1.564,-0.879,-8.882,3.080
1.467,0.508,-2.904,4.224
-0.170,-1.343,-2.732,6.587
-0.099,-1.345,-0.566,3.881
-0.400,-1.419,0.605,3.332
2.064,-0.098,-6.808,3.473
-0.878,-0.765,-3.250,4.308
1.554,-0.235,-4.849,4.554
0.009,0.543,-5.857,4.830
-0.008,0.825,-6.514,5.244
1.043,0.392,0.572,3.984
0.422,0.410,-2.190,3.342
-0.191,0.244,-5.991,1.358
-0.782,0.241,-0.983,4.604
1.112,0.950,-6.778,5.635
-0.371,0.673,-4.023,5.498
0.158,0.733,-2.321,3.509
-0.202,-0.713,-6.840,6.434
2.028,2.457,-7.073,4.174
-1.095,0.598,-3.347,3.550
-0.694,-1.244,-2.585,4.044
-0.007,0.653,-6.601,4.328
-1.447,0.408,-3.137,3.487
0.825,0.007,-2.448,5.098
0.385,-1.039,-2.621,3.627
-1.854,-0.999,0.750,4.399
0.904,0.323,-5.160,2.829
-0.025,1.171,-4.775,4.986
-0.506,0.135,-4.104,3.457
0.310,0.951,-3.506,4.355
2.002,0.994,-5.534,4.504
0.082,1.080,-8.673,2.342
1.569,1.392,-2.330,3.837
-0.350,1.121,-4.700,2.797
-1.139,0.058,-5.955,3.185
-1.342,-0.130,-4.120,5.339
-0.673,-0.661,-1.721,2.685
-0.105,-0.818,-3.618,4.663
-1.018,0.794,0.125,3.064
-1.202,-0.607,-7.049,5.140
0.542,-0.156,-7.830,4.973
0.552,0.388,0.113,4.588
2.115,-0.380,-7.307,2.622
-0.951,-0.812,0.250,3.395
-1.175,0.152,-6.304,4.415
-1.887,0.127,-3.552,2.352
1.402,-0.310,-3.984,2.802
0.863,1.227,-3.382,4.818
0.684,-0.769,-5.815,4.069
0.798,0.612,-6.144,1.940
1.473,-0.819,-6.128,4.427
-0.040,-0.244,-1.031,3.028
-0.607,-0.120,-9.408,5.587
-0.948,0.372,-10.224,4.654
-0.265,-0.140,-10.143,4.726
1.332,0.415,-4.444,4.053
-2.423,0.021,-6.286,5.609
-1.233,0.111,-4.611,3.812
-0.581,-0.459,-7.771,4.086
-1.551,0.277,-2.768,4.801
0.341,0.221,-0.012,3.236
0.177,-0.530,-2.484,2.614
0.160,-0.135,-3.424,5.655
-1.620,-0.475,-3.539,4.822
0.953,-1.232,-4.588,3.468
1.000,-0.377,-5.583,3.786
-2.170,-1.488,-4.521,3.716
-1.304,1.736,-6.810,3.674
0.626,1.121,-1.336,3.671
-0.071,-1.325,-0.726,3.083
-1.668,0.191,-6.310,5.462
-0.311,0.083,-3.652,4.240
1.124,-0.367,-1.869,3.231
0.860,0.170,-0.270,2.865
-1.568,0.148,-3.753,3.922
-2.569,-0.396,-4.596,3.324
1.958,-0.421,-7.073,6.162
1.303,-0.477,-4.932,4.579
-0.977,-1.594,-6.632,2.897
0.016,0.315,-8.140,3.943
-0.418,0.324,-0.401,4.396
-1.707,-0.682,-3.009,4.049
-0.355,-0.525,-5.582,3.613
0.154,-0.880,-7.512,5.011
-0.133,-0.442,-8.742,3.583
-0.079,0.134,-5.856,3.422
-1.153,1.297,-4.699,4.771
-0.471,0.702,-5.766,4.039
-1.202,1.124,-4.252,4.141
-0.250,-1.449,-4.490,4.223
-0.148,0.923,-7.960,3.951
1.139,1.651,0.232,4.590
-0.644,0.903,-2.318,4.928
0.287,-0.713,-7.107,4.857
-0.063,-0.132,-4.052,5.314
0.563,-0.589,-6.405,2.915
0.808,-0.217,-6.742,5.643
0.659,-1.722,-7.854,3.823
-0.439,-0.222,-7.001,3.618
-0.364,0.691,-8.109,3.721
-0.897,1.254,-8.395,5.721
0.514,2.314,-0.564,2.086
3.175,-1.166,-3.577,3.491
-0.283,1.484,-6.270,5.020
1.008,-0.201,-2.720,3.036
-1.174,1.400,3.083,4.146
-0.392,-1.106,-4.469,4.054
1.024,0.506,-5.090,4.502
1.248,0.190,-3.485,5.189
-1.930,0.949,-4.181,4.120
-0.466,-1.303,-4.891,5.160
1.005,-0.679,-8.156,4.685
-0.280,0.273,-5.460,4.078
-1.116,0.631,-4.611,2.449
0.597,-0.531,-12.369,6.291
0.024,-1.190,-5.156,5.737
1.321,-0.823,-6.481,2.928
-0.778,0.220,-2.702,3.286
-1.523,-0.948,-7.007,5.053
-0.790,1.151,-1.918,4.153
0.908,1.932,-9.260,3.501
-1.675,0.759,-10.978,5.140
-2.281,1.531,-1.342,2.042
0.160,-0.772,-1.483,4.350
-0.004,-0.661,-5.635,4.609
0.923,0.254,-2.502,2.588
-1.969,-0.466,-5.178,3.356
1.454,0.116,-3.265,3.871
-0.190,0.979,-5.747,4.676
-0.036,-1.351,-7.335,4.939
-1.276,0.840,-5.984,4.342
-1.347,-0.620,-7.876,3.012
0.244,-0.419,-6.495,4.733
-1.348,-1.016,-5.152,3.618
0.040,0.391,0.173,3.328
1.193,0.773,-8.442,3.118
0.257,-0.870,-4.674,4.541
-0.185,-0.681,-5.382,3.546
1.222,0.872,-3.807,3.006
-0.434,0.435,-7.783,4.612
-0.264,0.686,-6.461,5.107
-0.188,-0.634,-3.532,3.973
-0.266,-0.968,-5.330,2.887
0.533,0.192,-3.492,4.051
0.682,-0.122,-3.642,3.259
0.695,-0.541,-9.565,2.397
-0.833,-0.395,-6.764,3.348
-0.657,-0.268,-4.534,2.892
0.299,-0.367,-7.969,3.324
-1.359,0.560,-7.342,2.774
-1.363,0.702,-7.653,2.901
0.005,2.139,-4.060,4.096
-1.366,0.787,-3.905,4.573
-0.638,-0.901,-7.103,3.695
0.972,0.446,0.949,3.264
0.054,-0.425,-2.350,4.079
0.983,-1.517,-3.813,3.526
-1.367,-0.758,-2.128,4.339
0.303,0.405,-7.313,3.572
0.807,-2.459,-9.243,4.133
2.895,-0.752,-5.942,3.075
-0.524,-0.523,-5.576,5.499
-0.249,0.400,1.509,4.713
1.923,-1.661,-7.156,4.020
-2.599,0.627,-4.222,4.814
-0.024,-0.475,-6.136,2.214
-0.051,-0.884,-7.794,4.157
0.130,-0.400,-4.990,3.028
-0.565,-0.406,-4.490,5.360
0.647,-0.934,-5.074,3.564
0.860,-2.087,-2.415,4.353
-0.438,-0.133,-3.230,4.706
0.256,0.259,-4.398,3.250
0.784,0.325,-2.775,3.734
-0.692,-0.181,-2.871,4.082
0.187,1.589,-4.989,1.247
0.298,-1.289,-5.767,3.690
0.264,-1.334,-5.174,4.010
-0.656,-1.202,-5.024,4.653
0.620,-1.006,-12.049,1.523
-0.210,-1.009,-3.839,5.162
0.044,0.506,-8.897,2.950
-0.690,-0.036,-4.809,4.891
-0.947,-0.114,-8.245,5.030
6.794,-1.716,-3.323,3.167
6.070,0.167,-13.180,2.226
5.539,0.071,-9.120,3.998
5.857,-1.138,-6.965,4.850
5.692,1.814,-7.816,2.994
6.136,-1.023,-3.895,4.054
7.681,-0.045,-6.800,5.213
7.334,-0.026,-1.269,3.029
5.218,-0.293,-0.128,3.962
6.906,1.057,-5.281,4.990
5.658,1.304,-9.410,4.031
6.062,-0.945,-2.152,4.221
4.863,-1.844,-0.279,3.990
6.286,0.235,-7.240,2.833
5.701,0.776,-10.034,3.574
5.793,-0.002,-5.651,5.096
5.463,1.524,-4.061,2.976
4.606,-1.407,-3.953,3.274
5.867,0.216,-1.158,5.267
5.722,-0.765,-5.928,3.161
5.210,1.328,-5.406,5.824
7.136,-0.989,-3.797,3.748
5.555,0.688,-8.718,3.511
4.774,0.990,-3.991,4.004
7.375,-0.721,-9.186,4.271
4.441,2.353,-6.256,3.927
5.308,1.087,-1.243,4.812
6.895,-0.855,-4.203,3.390
6.390,0.351,-5.188,4.134
5.471,0.593,-5.232,4.453
6.837,-0.579,-3.684,3.881
4.970,0.609,-2.793,4.092
6.801,1.071,-6.505,4.662
6.940,0.347,-8.955,4.192
7.180,0.915,-2.415,3.900
4.159,-0.591,-2.424,4.428
7.000,1.049,-3.356,6.619
6.687,-0.139,-0.397,3.789
6.287,-0.850,-7.689,4.470
4.950,-0.455,-5.352,3.456
5.029,-1.286,-2.801,4.722
6.897,0.928,-6.187,3.271
4.852,-0.648,-9.273,3.084
5.677,-0.186,-1.664,3.538
6.246,0.610,-4.431,4.251
5.440,1.761,-4.457,3.915
5.725,-0.314,-4.003,3.438
6.897,-0.256,-0.548,4.224
7.834,0.145,-8.523,5.043
5.583,-0.050,-4.934,5.396
7.694,0.636,-0.391,5.060
5.457,0.970,-0.826,4.192
6.167,-0.960,-9.056,3.089
4.282,-0.243,-4.538,3.837
5.533,-1.839,-2.320,5.847
4.508,0.176,-0.141,3.907
6.235,-0.483,-5.300,4.306
4.717,-0.246,-10.408,3.855
7.151,0.589,-6.117,3.576
6.083,-0.467,-8.354,5.537
5.443,0.711,-5.539,4.388
7.413,0.284,-4.232,2.959
4.958,0.825,-1.564,2.881
4.959,0.151,-9.538,3.408
5.278,0.842,-12.030,4.419
5.438,-0.471,-6.636,3.717
6.809,-2.132,-6.029,2.457
7.210,-2.319,-5.770,4.015
6.860,1.781,-7.988,3.612
5.593,0.393,-6.438,5.261
6.416,0.691,-13.229,5.632
6.946,1.603,-4.763,5.406
5.540,0.118,-10.915,3.776
6.851,1.352,-7.454,4.114
8.084,-0.948,-6.999,2.826
5.441,1.100,-4.260,5.279
5.369,1.128,-5.197,3.985
6.945,1.618,-1.927,3.191
7.367,0.215,-3.260,2.999
6.331,-1.683,0.636,4.037
4.172,0.086,-2.662,5.320
6.321,-0.587,-5.411,5.869
5.910,0.857,-6.163,1.987
7.109,0.678,-2.123,3.772
3.900,-0.401,-9.469,4.281
6.235,-0.907,-5.011,4.983
7.268,-0.937,-9.121,4.085
5.648,1.015,-7.183,4.509
5.457,2.216,-7.314,5.452
5.942,0.600,-4.646,4.253
4.708,-0.275,-4.969,4.064
4.452,1.144,-5.167,5.975
7.318,0.110,-11.389,4.484
6.353,0.055,-4.991,3.730
7.451,1.648,-0.681,3.065
4.761,-0.666,-9.806,4.175
5.712,-1.035,-4.714,3.968
5.893,-2.322,-9.579,3.149
6.253,1.630,-6.455,3.395
7.809,-0.314,-6.616,3.088
6.128,-0.379,-1.889,2.625
5.464,0.420,-7.028,5.456
8.097,1.819,-4.386,4.178
4.601,-0.707,-7.302,5.804
5.206,0.587,-0.349,4.865
6.732,-0.336,1.435,4.262
7.411,0.738,-6.059,3.147
5.981,0.085,-7.046,4.778
6.209,1.472,-2.672,4.095
7.356,-0.096,-6.175,3.616
6.870,-0.213,-6.566,4.211
5.730,1.349,-1.591,3.958
6.460,0.613,-2.487,4.892
5.609,0.022,-7.314,2.747
6.121,-0.060,-4.910,3.852
6.711,0.317,-3.146,3.171
7.064,-1.313,-1.191,3.407
5.976,-0.391,-3.939,4.400
5.454,-0.889,-4.044,3.174
6.798,0.059,-3.402,4.248
6.051,-0.986,-2.833,3.630
8.362,-1.705,-3.140,3.641
6.269,-1.291,-2.706,4.789
6.454,-0.321,-3.573,4.805
2.991,-1.227,-8.682,3.992
5.803,0.208,-5.787,3.446
6.480,-2.391,-7.422,1.837
7.062,0.121,-9.570,3.275
7.000,-1.860,-6.201,5.441
3.710,0.096,-5.806,3.538
6.945,-1.441,-2.685,4.832
7.007,0.882,-5.814,2.301
5.246,-1.075,-3.235,3.849
7.539,-0.657,-4.790,4.223
6.608,0.967,-4.290,4.833
5.589,0.244,-5.604,5.840
4.497,1.161,-4.906,4.899
6.543,-2.138,-5.672,4.308
7.142,0.962,-8.368,4.766
6.170,0.659,-3.454,3.936
5.282,0.324,-1.622,5.050
5.960,-0.171,-5.590,5.570
7.466,0.698,-6.530,3.735
6.148,0.140,-2.871,3.810
5.335,-0.835,-7.417,3.876
5.865,-0.217,-7.260,3.584
5.975,-0.347,-5.898,5.203
5.353,-0.812,-6.719,4.222
5.046,-0.644,-8.383,3.374
4.759,-0.570,-9.861,4.135
5.950,0.098,-7.615,4.610
7.325,-0.032,-6.482,3.739
5.662,0.347,-1.619,6.630
5.627,0.441,-4.961,4.031
5.618,0.324,-5.026,4.585
6.522,-0.806,-5.204,3.037
6.096,-0.406,-7.917,4.830
7.139,0.632,-5.358,4.779
6.692,-0.153,-1.698,4.648
5.985,1.023,-8.880,2.771
6.702,-0.974,-4.168,1.966
5.101,-0.948,-3.139,3.334
5.670,0.739,-4.599,3.973
6.505,0.293,-5.921,2.352
4.401,0.083,-5.422,2.639
6.641,-0.142,0.031,4.520
5.840,0.484,-6.185,2.562
3.408,0.361,-10.773,4.487
7.553,0.361,-5.320,4.185
7.298,1.475,-2.839,3.771
4.537,-1.629,-7.907,5.492
5.205,-1.491,-1.370,3.337
6.569,0.092,-2.822,2.877
6.535,-0.449,-6.162,1.483
5.591,0.687,-6.043,3.547
5.563,0.298,-1.890,5.140
5.605,0.728,-4.996,5.323
4.123,-0.767,-4.456,2.016
5.861,0.459,-5.645,4.382
6.110,0.664,-6.156,4.712
5.086,1.485,-2.193,3.993
5.293,0.736,-3.293,5.194
5.160,-0.015,-6.123,4.094
3.850,0.503,-3.049,5.083
8.256,-0.507,-3.954,4.399
5.167,-0.321,-6.164,3.948
5.001,-0.458,-6.292,2.696
6.739,-0.696,-6.670,3.371
6.664,-1.230,-9.864,3.834
6.714,-0.253,-2.256,4.594
4.967,-0.056,-4.795,3.728
4.287,-0.894,-1.673,3.383
6.928,1.114,-5.526,3.574
5.626,0.438,-5.865,4.301
7.375,-0.182,-7.743,2.831
6.739,-0.070,-4.091,4.571
5.629,0.416,-3.104,5.289
4.871,-0.206,-4.147,3.033
5.237,-0.220,-4.340,2.107
4.162,-0.625,-2.894,3.558
5.939,-2.098,-1.182,3.148
5.946,0.293,-3.992,4.496
5.546,0.172,-8.224,4.574
6.123,0.356,-0.892,4.933
6.182,0.219,-4.693,2.768
6.736,-0.609,-2.369,4.057
6.152,-1.803,-5.744,5.017
3.834,0.604,-3.843,4.575
7.384,-0.267,-6.866,4.112
6.575,-1.014,-7.117,4.280
5.572,0.572,-10.020,3.694
6.304,1.891,-2.635,3.953
7.069,0.097,-4.019,4.274
4.273,0.835,-4.976,4.361
7.947,-2.399,-2.942,5.018
5.241,1.634,-7.510,4.293
6.268,0.229,-4.296,5.094
3.997,0.222,-8.817,2.668
5.104,0.836,-2.638,3.719
6.144,-1.330,-2.111,3.882
6.089,-0.023,-4.033,3.274
8.177,-0.471,-4.497,4.172
7.445,-1.503,-8.152,5.102
7.464,-0.370,-3.504,5.441
4.541,-0.285,-5.629,4.892
6.793,-0.533,-4.119,3.950
5.226,1.346,-3.415,2.816
4.667,-0.463,-4.486,3.125
4.835,-0.545,-6.936,3.173
3.603,1.687,-4.146,5.325
4.133,-1.534,-3.247,5.407
6.783,-0.945,-5.982,3.113
5.908,0.234,-4.817,3.791
5.923,-1.440,-1.779,2.158
6.019,-0.746,-6.246,0.563
5.087,-0.844,-3.724,3.905
4.501,-0.166,-9.960,3.032
4.336,-0.549,-2.228,3.187
6.825,-0.636,-5.177,4.563
7.640,1.329,-6.391,3.853
6.795,0.508,-11.921,3.571
4.706,-1.065,-3.740,4.000
5.285,1.174,-4.200,3.942
4.463,0.775,-4.755,2.423
6.699,0.584,-0.115,3.754
4.928,-1.053,-3.443,5.763
5.583,0.168,-4.927,4.032
6.632,-1.331,-8.578,3.157
6.406,0.841,-6.954,4.223
5.241,1.860,-1.895,4.819
6.532,-1.966,-3.709,4.008
6.750,-1.399,-3.370,3.220
6.504,-0.715,-4.298,3.254
6.380,2.516,-3.000,4.749
6.556,-0.476,0.764,4.833
6.575,-0.150,-2.846,2.887
6.616,-0.083,-3.058,3.336
5.893,1.415,-5.920,2.961
6.586,0.561,-8.397,3.181
5.861,-1.454,-1.803,4.227
5.620,-0.758,0.380,4.074
5.140,1.804,-2.495,1.765
4.748,0.622,-4.579,4.143
5.838,1.432,-8.178,2.981
4.287,1.761,-6.346,4.008
3.803,0.060,-3.987,4.562
5.970,0.782,-6.908,4.374
6.304,-0.214,-5.103,4.582
5.327,-0.062,-7.744,5.786
6.122,1.306,0.772,2.239
6.484,1.741,-5.493,2.482
7.025,-1.091,-5.413,5.336
6.058,0.573,-1.433,4.260
4.576,1.586,-10.840,3.510
5.725,1.564,-2.222,4.471
7.005,-1.030,-2.953,3.986
5.653,-0.540,-4.531,5.489
5.665,1.786,-5.997,4.991
6.205,0.299,-9.859,3.618
6.139,-0.160,-2.830,3.982
5.893,-1.015,-3.663,3.286
4.887,0.593,-7.342,1.440
6.194,-0.157,-2.089,3.484
4.644,-1.625,-7.465,3.930
4.481,0.904,-9.206,4.932
5.444,-0.538,-0.850,5.537
6.183,0.403,-2.608,4.477
6.878,0.060,-1.280,5.582
4.282,-0.568,0.193,3.125
5.677,-1.033,-2.849,2.428
2.503,0.338,-0.792,3.931
7.112,1.749,-0.785,2.606
6.076,1.057,-5.126,3.663
5.580,0.033,-0.284,3.187
5.546,1.230,-4.592,4.856
5.337,0.650,-11.953,3.043
5.957,-0.301,-8.345,4.885
5.084,-1.203,1.136,2.736
6.058,0.822,-3.005,4.034
6.740,1.632,-4.039,4.824
5.241,0.402,-4.763,3.210
8.056,0.038,-3.598,2.759
5.845,-1.175,-5.376,3.710
4.081,3.589,-6.504,3.413
5.501,1.138,-3.802,5.136
6.489,1.786,2.170,6.495
4.607,0.304,-5.331,3.404
7.283,0.287,-7.249,3.670
5.191,1.035,-4.128,4.588
5.501,-1.792,-3.439,3.204
5.623,-0.151,-0.509,3.919
8.913,0.344,-4.797,4.218
5.595,1.314,-10.111,1.443
7.421,0.594,-5.119,4.908
4.944,-0.625,-6.433,2.678
5.027,0.468,-4.995,3.461
7.230,-1.439,-11.965,3.434
5.815,-0.982,-3.614,4.042
4.382,-0.659,-6.418,3.863
4.942,-1.125,-6.166,4.214
5.249,-0.181,-3.310,4.470
3.935,1.337,-2.561,4.693
6.549,-0.463,-4.878,5.365
4.527,0.010,-2.057,3.173
7.229,1.279,-6.341,3.728
5.721,0.868,-7.405,3.596
5.754,1.293,-3.670,4.698
5.489,-1.160,-3.943,5.400
7.996,-0.594,-2.446,3.472
5.386,-1.859,-5.393,3.640
6.924,-0.389,-8.373,4.183
5.317,-0.096,-8.114,2.459
3.728,0.345,-6.910,2.341
4.688,-0.259,-5.320,5.099
4.590,-1.162,1.133,2.708
6.945,-0.115,-5.131,3.419
5.529,-0.721,-1.359,2.590
6.362,0.819,-4.875,3.225
6.769,0.830,-3.875,4.699
5.659,1.405,-6.599,4.408
5.033,0.794,-7.414,4.041
7.135,0.095,-3.448,5.751
6.111,0.966,-6.099,3.732
7.002,-0.391,-3.094,3.375
6.346,-0.475,-6.116,5.305
6.820,-1.544,-9.363,4.957
6.422,-0.741,-2.717,3.657
5.925,-1.131,-9.870,3.737
7.288,0.484,-2.021,4.516
7.242,-1.845,-5.393,4.481
4.286,-0.623,-0.796,3.835
5.980,1.130,-4.262,3.382
5.353,-0.669,2.471,4.221
5.876,-1.498,-4.522,3.621
4.763,-0.058,-4.557,5.132
6.712,1.098,-1.506,4.856
5.398,2.048,-6.605,3.476
5.089,-0.868,-5.285,3.704
7.341,0.486,-7.845,4.474
6.770,-1.864,-3.826,3.887
6.004,-0.942,-5.589,4.922
4.969,-0.614,-5.925,5.110
4.807,0.732,-5.038,4.161
6.591,0.828,-6.751,3.601
7.274,1.498,-2.184,2.333
7.327,-1.726,-2.202,3.008
6.751,0.787,-6.396,4.371
4.953,-0.160,-4.947,3.918
5.703,1.655,-9.319,1.320
7.904,-0.944,-3.961,4.602
5.073,1.472,-0.964,4.367
7.530,0.099,-8.168,3.444
5.805,0.322,-9.869,4.304
3.503,-0.830,-6.554,4.583
5.885,1.146,-4.097,2.380
7.174,-0.355,-6.733,2.919
4.819,1.516,-5.186,4.063
4.747,0.348,-6.510,4.965
5.389,-1.383,-4.662,3.035
5.477,0.007,-8.988,2.926
5.997,-0.802,-5.210,4.617
5.359,0.322,-9.715,3.856
7.940,-0.303,-10.495,3.402
4.994,1.430,-5.344,4.285
6.153,1.176,-6.147,3.849
7.835,0.665,-9.289,3.500
5.987,0.612,-2.217,5.386
5.239,0.570,-6.552,6.133
6.250,-1.358,-5.647,3.397
6.151,-0.355,-1.649,2.007
7.552,1.292,-7.491,4.962
4.985,0.035,-6.679,4.175
5.206,-0.461,-5.672,4.784
7.071,0.078,-4.843,2.608
5.592,0.090,-3.988,4.855
5.528,-0.790,-7.549,3.470
5.867,-0.162,-10.515,4.333
5.670,1.616,-2.838,5.103
6.141,-0.266,-4.101,3.588
5.598,-0.141,-4.898,5.360
6.885,0.514,-4.809,5.847
7.287,0.394,-7.106,5.047
7.726,-0.286,-8.742,4.219
6.079,0.739,-9.456,2.730
7.085,-0.923,-3.744,3.728
6.871,-0.160,-0.829,5.023
4.673,-0.564,-1.640,4.931
6.502,-0.502,-7.673,4.626
6.536,-0.153,-6.856,2.864
6.455,-1.489,-5.483,4.285
4.334,-0.819,-7.831,4.185
6.430,-0.381,-5.749,4.114
4.921,0.322,-5.850,5.554
6.395,0.105,-2.174,5.613
6.783,-1.780,-6.120,4.934
6.402,0.514,-4.286,3.022
4.298,0.706,-1.179,2.907
5.592,1.637,-0.387,3.707
5.024,-0.665,-9.543,2.058
4.900,0.729,-7.175,4.063
5.617,0.298,-9.229,2.899
6.022,0.358,-8.693,4.116
5.983,0.338,-4.874,3.793
6.510,-0.815,-5.987,2.748
4.854,1.712,-3.904,4.137
7.203,-1.092,-7.789,4.937
6.995,1.093,-2.884,3.774
6.891,0.171,-2.746,4.860
5.813,1.870,-11.807,3.400
6.933,1.040,-2.249,2.558
7.407,-0.222,-6.020,2.776
4.387,1.301,-4.184,5.297
5.939,0.201,1.286,3.441
3.711,1.140,-2.727,3.990
6.153,-1.288,-6.742,3.217
7.969,-2.115,-6.496,3.240
5.355,-1.977,0.288,6.101
5.829,-0.665,-6.055,3.087
4.217,-1.517,-6.216,5.007
5.121,1.755,-2.886,3.798
6.489,-1.382,-5.884,3.867
6.709,-0.939,-5.423,4.240
6.554,1.428,-0.102,2.034
5.716,0.325,-3.684,4.120
6.793,-0.235,-9.374,4.671
5.501,1.770,-3.499,4.514
5.307,-0.321,-1.737,3.290
5.728,0.258,-0.219,4.028
5.527,-0.754,-5.511,3.978
4.761,1.325,-2.973,5.004
6.712,0.849,-7.674,3.884
5.119,-0.708,-3.146,3.846
6.814,-0.582,2.285,4.891
5.994,0.637,-3.425,4.140
6.482,1.215,-0.092,5.668
6.193,0.317,-2.820,3.534
3.994,0.960,-9.551,4.331
5.725,-0.045,-4.975,3.470
3.967,-0.102,-4.155,4.070
4.552,0.399,-6.450,6.719
8.142,-0.152,-5.297,4.704
6.716,0.834,-4.558,3.974
5.680,-0.621,-1.023,2.273
7.627,-0.373,0.199,3.370
5.707,-0.467,-3.876,5.473
5.790,-1.178,-4.063,4.651
6.494,0.731,0.877,2.606
7.979,0.040,-6.172,3.221
4.499,-0.020,-6.385,4.152
4.801,0.005,-1.344,3.354
5.556,-1.268,-5.007,3.833
5.451,-1.266,-3.210,4.379
7.893,0.511,-8.344,2.145
5.216,0.939,-5.930,3.651
4.879,0.563,-4.518,2.900
5.613,0.285,-4.267,4.991
5.246,-1.941,-9.082,3.804
4.773,-0.694,-6.052,3.713
4.569,-1.409,-1.670,5.542
6.716,2.017,-3.448,3.723
6.531,0.561,-4.301,3.174
7.222,0.532,-2.004,5.422
4.955,1.701,-1.570,3.912
5.705,2.055,-0.353,5.033
5.613,0.298,-2.422,3.991
6.100,-0.165,-3.857,2.312
5.485,-1.277,-0.383,4.382
5.141,0.834,-4.689,3.502
5.974,0.246,-7.136,5.392
8.462,1.664,-6.390,4.196
6.023,-0.442,-9.221,4.295
5.399,0.420,-5.916,2.878
5.575,1.452,-6.550,3.974
8.065,-0.089,-4.991,4.467
5.979,-1.487,-10.110,4.913
6.770,0.639,-1.640,3.230
5.263,1.507,-4.816,3.722
5.168,0.055,-4.232,5.719
5.771,-1.026,-7.236,5.405
7.082,-1.773,-2.207,5.375
6.231,1.178,-7.602,4.129
5.194,0.092,-4.046,2.557
5.703,-0.254,-8.288,4.665
5.957,-0.813,-2.834,3.151
5.804,0.431,-0.733,5.005
6.630,-0.183,-7.725,5.210
5.548,-1.478,-4.985,4.379
6.745,-0.033,-0.962,3.380
5.825,-1.105,-5.507,4.856
5.250,-0.765,-11.099,3.997
6.594,-0.754,-2.357,5.280
5.144,1.624,-2.573,3.959
3.819,1.055,-1.497,2.270
5.644,0.068,-8.099,3.658
6.537,-0.387,-3.350,3.033
6.666,0.051,-6.040,2.644
8.273,0.667,3.074,4.552
6.388,0.506,-3.428,4.964
6.791,-0.026,-5.147,2.689
4.745,-0.709,-2.824,3.287
6.307,-0.431,-5.180,3.754
6.700,-0.335,-4.693,4.616
7.674,-0.123,-4.868,3.037
6.715,-0.170,-7.437,4.299
6.140,0.455,-3.464,4.317
4.500,0.981,-9.531,4.947
5.762,-0.504,1.580,3.166
6.169,0.656,-5.213,2.798
6.714,1.211,-3.982,2.056
5.050,-0.948,-6.683,3.409
6.817,1.486,-1.887,3.330
6.229,-1.003,-8.692,3.890
6.372,-0.559,-6.197,4.593
6.580,-0.610,-5.732,3.900
5.457,-0.755,-10.903,3.531
6.475,2.396,-5.955,7.555
4.902,-0.998,-3.536,3.632
5.785,-0.425,-2.572,2.151
6.908,-0.157,-10.120,5.302
7.666,-1.678,-6.176,2.482
5.224,0.991,-1.139,4.334
6.488,1.629,-6.999,3.801
6.047,-0.664,-6.568,4.133
5.245,1.027,-5.624,6.342
6.471,-0.348,-4.863,3.530
6.585,0.263,-10.749,5.433
4.999,-0.936,-2.875,4.678
7.992,2.140,-6.519,4.688
5.230,-0.806,-0.875,2.113
3.846,-0.111,-7.698,4.912
6.914,0.849,-5.345,4.565
5.784,2.503,-6.703,2.851
6.253,-0.519,-2.012,4.958
6.798,-0.412,-5.384,3.697
7.572,0.795,-2.330,4.854
5.977,-1.743,-6.388,4.276
6.843,-0.325,-5.987,2.756
4.846,-0.723,-0.992,4.470
6.668,0.220,0.064,3.581
6.381,-0.545,-5.796,4.990
7.043,-0.764,-12.298,3.828
6.965,-0.815,-7.170,4.401
5.692,-0.910,-0.995,5.338
6.594,-0.078,-6.866,4.533
5.438,1.136,0.988,3.571
5.739,-0.225,-5.882,5.105
6.244,-0.362,-0.910,4.954
7.145,-1.191,-5.694,1.672
5.908,1.132,0.754,4.788
6.341,0.779,-1.782,4.452
7.077,0.330,-7.231,5.546
6.062,-1.019,-11.844,4.448
5.329,-1.348,0.035,6.670
4.575,1.311,-2.155,4.702
6.392,0.495,-7.211,3.566
7.292,0.085,-7.020,4.939
5.865,-1.385,-4.620,5.023
6.132,2.164,-5.238,3.499
5.324,-0.221,-10.230,3.556
4.858,-0.517,-6.121,2.493
7.606,-0.714,-2.936,3.947
7.190,0.238,-6.109,4.416
7.737,-0.132,-7.601,3.582
6.056,1.443,-10.058,5.629
2.796,1.175,-6.619,3.037
6.562,1.122,-4.137,3.957
5.704,0.917,-3.844,5.188
6.189,-0.742,-3.715,5.179
5.709,-1.544,-9.688,3.599
6.641,0.386,-12.127,4.097
3.627,1.870,-5.184,4.024
5.629,-1.029,-9.462,2.872
5.879,0.618,-3.402,3.443
6.507,1.895,-6.874,4.969
7.081,-1.322,2.632,3.115
7.653,1.475,-0.360,3.628
5.884,-0.163,-6.867,3.585
6.507,1.357,-11.248,3.897
5.225,-0.702,-4.419,4.204
6.138,0.335,0.302,3.138
5.510,0.464,-2.631,4.302
6.859,-2.510,-7.571,3.952
5.067,-3.022,-3.069,3.452
5.628,-0.756,-4.741,3.644
7.140,-0.869,-3.282,4.741
6.013,0.760,-3.962,3.027
5.927,-1.048,-3.163,4.612
7.034,0.263,-4.271,4.513
6.099,0.520,-7.242,4.894
5.994,0.592,-8.358,4.282
6.536,-0.046,-5.177,3.952
7.152,-0.074,-5.657,1.955
6.425,-1.605,-1.079,4.041
3.994,-0.756,-5.979,3.412
5.433,-1.924,-1.929,3.367
8.464,-0.950,-2.380,5.161
7.259,0.651,-4.151,3.241
4.647,0.385,-6.616,3.827
6.324,-0.795,-6.443,4.575
5.818,-1.120,-4.229,3.881
7.158,1.171,-6.978,3.823
5.363,0.646,-6.775,3.612
5.764,0.589,-5.641,2.901
5.095,0.388,-4.478,3.248
6.411,-1.258,-10.012,1.943
5.488,0.090,-2.851,5.165
6.192,-0.009,-4.376,7.070
6.717,-0.025,-9.107,5.030
5.515,-0.884,-2.771,2.877
5.543,0.026,-2.994,4.935
7.049,0.818,-4.876,4.808
5.914,0.072,-2.321,4.093
6.573,0.003,-9.891,5.045
7.407,-0.081,-5.262,4.852
4.899,-3.007,-4.622,4.831
5.689,0.029,-1.709,5.424
7.416,-0.233,-4.099,3.745
5.258,-0.014,-2.951,4.171
6.552,1.340,-6.613,2.258
6.384,1.267,-7.808,4.473
4.197,-1.382,-9.160,3.405
7.701,-1.124,-7.869,4.163
6.475,-0.944,-7.754,4.956
5.177,2.093,-6.049,3.471
6.310,0.600,1.916,4.061
4.787,0.135,-4.913,2.802
6.903,-0.860,-7.103,3.582
5.329,-0.458,-4.765,5.502
6.800,-0.030,-3.493,4.967
5.886,0.048,-3.627,3.980
6.653,0.328,-4.802,2.281
5.259,-0.456,-5.951,4.569
4.551,0.783,-5.986,2.978
6.010,0.509,-3.906,3.847
4.872,1.040,-2.185,4.398
6.115,-1.985,-0.451,5.320
5.270,0.214,1.183,3.620
5.724,0.015,1.754,2.830
6.640,-0.222,-6.714,3.401
5.767,1.392,-2.981,5.100
4.979,-0.061,-1.092,4.110
6.461,0.506,-7.943,2.485
6.179,-0.862,-1.207,4.288
4.292,0.562,-6.813,3.967
7.194,-1.663,-5.611,5.654
5.677,0.724,-3.876,2.302
5.429,0.059,-1.563,2.474
4.943,2.330,-6.183,5.030
5.278,0.529,-5.546,4.822
5.643,-0.273,-2.793,3.364
6.942,0.318,-8.967,4.320
5.809,2.766,-6.669,4.947
5.721,0.221,-1.640,3.819
4.938,0.358,-5.191,4.047
6.355,-1.935,-6.919,4.795
6.682,1.895,-2.103,3.600
4.853,-0.248,-3.455,4.770
6.468,-1.449,-6.158,4.119
5.472,-1.844,-2.509,3.851
8.346,-2.611,-2.310,3.731
5.269,-1.627,-6.216,3.864
6.522,0.384,-0.945,3.450
5.664,3.059,-2.087,3.502
6.070,-0.763,-8.671,3.974
6.349,-0.238,-6.368,3.865
6.398,-0.173,-3.938,3.699
3.063,0.980,-2.794,5.515
5.773,0.013,-3.187,3.417
4.907,0.078,-4.332,2.991
4.825,-0.317,-3.266,3.719
4.519,-0.758,-5.722,3.709
4.666,-0.730,-6.425,4.880
6.029,1.512,-1.168,4.558
5.308,-1.795,-3.145,3.290
4.926,-1.151,-5.884,4.082
5.611,-0.373,-4.274,4.757
7.423,0.896,0.854,5.695
5.031,-0.033,-8.643,4.091
5.565,0.927,-5.225,3.726
6.634,-0.646,-7.847,4.467
5.820,-1.010,-5.601,4.429
6.561,-0.595,-0.796,4.772
6.932,-1.036,-4.758,3.089
7.822,-0.569,-5.785,5.352
6.727,-0.533,-5.341,3.838
4.941,-0.537,-4.252,0.941
5.194,-2.274,-8.614,3.878
5.112,0.250,0.079,3.591
7.260,0.007,-4.499,4.324
7.228,-0.493,-8.592,3.634
5.517,0.480,-8.838,4.213
5.448,-0.024,-1.591,4.358
6.282,-2.295,-7.056,3.282
5.982,-1.196,-7.392,2.842
5.866,-0.395,-4.493,3.118
7.203,-0.348,-4.404,2.693
5.472,-0.111,-0.586,4.895
6.395,-1.972,0.187,4.541
7.045,-0.721,-6.562,4.821
5.217,-0.604,-5.624,2.946
7.569,-0.734,-5.353,4.721
7.440,-0.199,-3.003,2.702
5.733,-0.423,-6.628,5.274
5.578,-0.506,-2.934,3.677
5.082,-0.671,-4.640,3.328
6.214,0.141,-4.758,3.132
3.696,-0.276,-2.357,3.302
6.064,0.004,-1.242,5.496
9.503,-0.597,-10.020,5.604
5.904,0.099,-2.699,4.163
6.180,0.306,-4.090,3.997
5.056,-0.578,-8.053,3.962
7.449,0.843,-10.382,3.732
6.255,1.460,-8.829,4.477
5.668,-0.025,-7.456,4.481
5.048,0.292,-8.574,5.905
5.833,-1.040,-6.435,4.898
5.271,0.458,-0.826,5.124
6.747,0.810,-4.633,2.204
6.572,0.838,-2.313,4.149
6.058,-1.094,-5.243,3.917
7.268,0.798,-1.713,2.810
4.757,0.558,-6.334,1.745
4.954,0.015,-0.394,4.752
3.727,0.514,-6.445,5.024
4.855,2.450,-7.851,2.334
6.912,-0.864,-6.541,3.690
6.978,0.965,-3.032,2.324
6.051,-1.189,-8.141,4.418
5.627,1.303,-8.804,4.224
4.749,-0.618,-6.355,4.263
7.256,1.743,-7.139,3.816
7.935,0.111,-4.157,2.223
4.453,-1.546,-4.765,4.366
6.130,-1.386,-1.463,4.457
5.118,0.447,-9.375,3.490
8.107,0.636,-4.762,3.160
5.523,0.373,-8.435,3.641
7.107,-1.483,-7.009,4.244
6.125,-0.770,-3.815,4.729
8.591,-2.418,-9.751,2.073
7.333,1.973,-7.828,4.355
5.928,-1.519,-7.701,3.575
6.810,0.002,-4.103,4.168
5.990,-1.164,-3.868,4.037
6.724,-0.309,-5.860,2.881
6.893,-1.025,-8.394,4.828
4.795,0.766,-7.120,3.964
8.196,-0.490,-5.494,3.707
5.614,0.925,-1.037,3.674
7.039,-0.772,-4.976,4.597
3.827,0.574,-5.842,3.187
7.285,0.468,-0.445,4.405
6.037,-0.234,-7.584,4.090
6.167,-1.016,0.235,4.346
7.133,0.260,-2.976,5.239
2.662,-0.187,0.264,4.598
5.691,0.442,-4.216,4.012
6.783,0.804,-4.954,3.671
6.665,0.261,-5.512,3.570
5.103,0.667,-6.060,3.131
4.992,-0.825,-9.894,4.228
5.334,0.832,-9.418,5.423
4.657,-0.843,-11.753,4.330
6.273,-0.976,-8.935,3.936
6.455,-0.702,-4.004,5.673
6.382,-0.859,-2.779,3.415
5.348,0.473,-3.139,4.373
7.126,0.841,-9.693,5.295
5.768,1.258,-1.732,4.931
7.186,-1.858,-4.621,3.515
8.057,0.134,-2.875,4.595
4.029,1.487,-3.630,3.775
6.468,-1.264,-7.831,5.162
8.163,-0.375,-4.257,2.567
5.588,0.678,-3.918,4.028
5.870,0.970,-7.714,3.258
5.700,1.581,-1.847,1.832
6.085,-0.657,-7.394,4.898
6.986,-0.747,-3.486,5.336
5.318,1.381,-2.117,4.881
5.801,-0.550,-5.640,3.507
7.796,-0.076,-4.345,3.623
5.013,-2.204,-4.948,3.066
5.637,0.286,-7.246,3.416
6.745,0.615,-10.016,5.692
5.493,-0.285,-5.911,5.079
5.393,0.561,-3.503,3.917
7.065,0.227,-9.544,4.086
6.055,0.513,-2.122,3.797
5.907,-1.303,-2.950,5.140
4.012,0.037,-4.295,3.988
5.045,-0.102,-3.182,4.585
6.459,1.144,-5.587,2.938
5.899,0.469,-1.662,3.000
5.082,0.017,-5.723,3.946
5.860,0.848,-4.288,2.972
5.987,1.047,-5.021,4.158
4.828,-0.896,-6.677,4.619
6.110,0.997,-4.461,3.749
4.359,-0.882,-7.567,4.844
4.799,-0.676,-3.190,5.368
5.675,-0.332,-4.713,4.727
7.965,-1.425,-2.507,3.547
5.629,0.698,-5.418,3.246
7.187,1.677,-13.957,3.357
6.826,0.869,-3.310,3.239
5.489,1.767,-7.638,3.167
5.473,-0.047,-4.298,3.549
5.511,-1.882,-2.894,3.949
7.408,1.309,-5.502,4.542
5.756,-0.084,-1.525,3.994
6.938,1.066,-4.842,4.615
6.425,0.281,-8.552,5.203
4.924,-0.009,-6.990,3.485
7.010,-0.463,-7.715,3.554
6.499,-1.853,-4.365,4.754
6.208,0.068,-0.167,3.844
6.647,-0.527,-4.372,3.979
5.574,-0.201,-3.044,3.505
4.996,1.548,-3.853,4.443
7.007,-0.298,-4.966,4.254
6.317,0.164,-7.135,5.049
7.681,-0.619,-4.459,4.999
7.066,0.366,-9.540,4.263
7.101,-0.357,-5.769,2.743
5.641,1.249,-1.441,2.918
6.059,-0.744,-2.762,2.606
4.777,-1.016,-2.201,3.575
5.789,-2.554,-5.374,4.599
7.164,-1.750,-3.408,4.251
5.305,0.315,-1.340,3.755
6.954,1.103,-4.420,3.659
5.710,-1.019,-5.171,3.643
3.810,0.680,-2.750,2.312
5.426,0.736,-4.940,4.253
5.657,0.990,-5.022,5.859
6.296,0.160,-6.651,4.579
6.743,0.741,-4.868,4.147
6.620,1.311,-10.199,5.699
5.944,0.447,-6.364,3.878
6.950,0.527,0.586,3.191
6.287,0.912,-4.699,3.781
6.568,2.032,-7.826,5.120
5.363,-0.694,-7.971,4.470
4.827,-0.568,-0.722,3.133
4.667,0.112,-9.357,3.891
4.637,-0.703,-3.183,3.894
5.897,-0.169,-4.889,5.394
5.992,-2.436,-2.128,3.823
6.245,-0.938,-8.935,3.803
7.876,-1.322,-5.696,6.049
5.203,-0.195,-5.644,4.701
6.606,-0.749,-4.215,3.931
5.689,0.343,-5.853,4.212
4.098,0.002,-5.980,3.179
7.485,-2.364,-2.545,3.544
6.015,-0.909,-2.701,4.265
6.726,0.398,-7.528,4.528
6.560,0.117,-5.266,3.820
6.365,-0.416,-2.328,2.612
5.240,1.393,-6.693,4.617
6.038,0.175,-7.445,5.951
7.697,1.035,-3.316,4.560
6.014,0.402,-4.597,3.837
7.612,-0.206,-7.148,3.992
6.006,1.730,-10.070,1.973
8.309,-1.653,-1.707,5.545
6.197,-0.050,-6.696,2.043
4.516,0.280,-4.040,2.913
7.753,-1.349,-5.351,4.094
6.460,-2.181,-0.828,3.083
6.710,-0.498,-7.061,4.258
6.192,0.923,-4.691,5.572
5.639,0.419,-4.529,5.352
3.893,-0.902,-2.243,3.105
5.610,1.326,-4.042,4.203
6.118,-0.461,-2.515,2.825
5.856,-1.864,-2.736,3.033
7.466,-0.311,-4.956,3.273
5.596,-0.755,-5.508,2.470
6.021,-0.481,-4.141,4.979
5.537,1.622,-3.041,4.279
3.710,-1.061,-6.466,5.200
4.798,0.032,-4.194,5.372
5.753,-2.214,-2.732,3.586
5.751,-0.341,-1.217,4.914
6.626,1.097,-5.773,4.794
6.186,-0.713,-0.059,5.320
4.295,-0.288,-9.793,4.286
4.717,0.903,-3.046,4.453
7.400,-0.277,-4.111,5.790
6.779,2.070,-0.861,4.910
8.633,-0.524,-1.842,2.552
5.620,0.855,0.897,4.606
4.781,1.443,-4.489,3.937
5.469,0.219,-5.071,5.471
6.879,-0.723,-3.711,2.624
6.716,1.254,-5.420,3.455
5.973,-0.574,-9.654,3.230
5.227,-1.523,-1.398,1.395
5.371,-0.881,-4.900,2.070
5.549,-1.030,-7.554,5.619
6.547,1.229,-10.147,6.297
6.432,-0.483,-6.098,4.633
4.895,0.364,-3.940,3.723
5.924,1.113,-7.883,5.701
5.108,0.231,-1.304,4.273
6.281,0.842,-4.017,4.036
6.479,0.686,-6.095,3.650
5.226,0.968,-0.937,3.872
7.426,0.104,-9.316,2.190
6.479,1.127,-3.166,4.631
5.014,-0.969,-4.624,3.607
6.651,-0.204,-2.122,4.084
6.589,-0.869,1.466,4.412
6.011,-0.246,-4.649,1.912
6.647,-3.499,-2.575,1.925
5.621,-1.576,-12.076,3.207
6.112,-0.101,-4.863,3.381
6.709,0.608,-3.504,3.992
6.823,0.887,-2.941,5.624
6.244,2.432,-4.250,4.940
7.766,-0.034,-7.022,6.507
5.991,1.527,-5.781,5.861
7.028,0.213,-7.302,3.450
6.082,-0.400,-8.085,4.611
6.827,0.753,-8.639,4.889
3.911,-0.017,-3.665,3.622
6.854,-0.287,-4.886,2.863
5.081,0.257,-5.430,4.300
6.660,-0.422,-6.917,4.579
8.172,0.127,-4.087,3.155
6.783,0.552,-1.793,4.278
4.980,-0.417,-5.902,3.572
5.553,0.343,-6.305,4.458
4.522,0.857,-4.486,2.011
5.890,2.100,-5.987,2.768
4.930,1.904,-1.618,5.478
5.990,-0.337,-5.304,3.727
6.513,0.851,-8.570,5.072
4.491,1.203,-3.686,4.437
7.436,-1.379,-3.713,4.612
7.583,-0.382,-4.122,3.341
4.761,-1.142,-10.192,3.673
6.515,0.259,-7.026,2.510
5.180,1.379,-4.234,3.483
5.864,0.703,0.931,3.764
5.775,0.829,-5.014,3.904
6.630,0.459,-2.818,4.312
6.955,0.309,0.843,3.417
6.188,1.939,-14.488,5.291
6.171,1.346,-3.723,3.644
5.038,0.770,-4.367,4.039
4.604,0.560,-3.402,4.781
5.871,-0.272,-5.242,4.856
6.068,-0.376,-2.716,4.519
6.647,1.287,-3.280,1.949
7.441,0.967,-4.406,4.535
6.729,-1.586,-4.516,4.888
6.921,0.057,-3.969,2.000
4.245,-0.463,-9.398,3.797
5.676,-0.423,-5.077,5.718
4.336,0.303,-2.229,3.373
4.379,0.781,-1.373,4.837
7.624,-2.473,-0.835,4.881
4.647,-1.329,-6.688,4.089
4.914,-0.052,-2.053,3.399
6.810,-0.746,-8.570,3.185
6.224,-0.725,-8.027,3.087
6.805,-0.343,-5.355,4.405
5.268,0.878,-1.908,4.568
6.005,-0.276,-2.843,3.647
5.833,1.882,-4.577,5.231
8.384,1.424,-5.588,4.286
6.502,2.164,-7.338,4.403
6.693,-1.370,-6.590,4.493
4.876,-1.527,-4.133,4.287
6.097,0.790,-5.329,3.665
6.628,0.225,-4.862,4.064
0.271,4.202,-3.936,5.934
2.036,2.395,-1.081,4.248
2.686,4.017,-4.046,5.462
6.523,2.760,-10.121,6.277
2.026,3.148,-3.602,2.078
4.343,4.156,-7.410,4.681
3.102,5.156,-4.734,5.778
4.772,2.443,-5.071,5.167
-5.486,4.905,-9.531,4.868
3.963,4.324,-6.579,3.522
0.295,4.639,-1.817,4.865
7.582,3.930,-8.461,6.179
10.535,3.387,-6.788,7.563
0.756,2.884,-2.780,4.431
5.676,4.035,-4.217,7.447
7.257,5.505,0.783,3.492
1.169,3.892,-4.924,4.904
0.369,3.880,-3.434,4.359
-0.105,1.405,-5.701,4.304
-1.883,4.713,-5.240,3.864
5.525,4.666,-7.594,4.158
4.243,4.888,-3.887,4.978
3.002,2.235,-0.101,5.553
6.146,4.248,-1.567,5.880
-3.853,4.357,-13.402,6.062
-1.050,3.820,-3.477,4.467
5.360,4.185,-1.156,4.114
6.018,3.199,-10.526,6.150
2.960,3.942,-1.429,5.820
2.577,3.574,-5.841,4.391
1.226,3.846,-6.210,4.245
-6.312,3.710,-7.169,4.888
2.822,2.943,-2.148,2.367
3.253,4.009,-10.088,5.538
4.514,3.497,-3.972,4.371
1.799,3.769,-3.539,4.543
2.530,4.440,-8.887,4.632
-1.119,2.932,-8.852,5.838
9.400,3.069,-5.423,9.269
0.196,5.330,-7.496,4.569
2.753,5.049,-3.423,4.151
5.472,2.368,-3.830,6.413
6.249,3.580,-3.109,6.059
0.391,2.655,-3.403,7.107
4.145,3.631,-8.270,6.855
7.856,3.599,-2.304,4.845
2.341,4.443,-1.642,4.676
2.391,3.755,-8.114,5.860
2.877,5.907,-6.291,5.571
5.745,3.660,-5.586,4.882
3.004,3.766,-4.202,6.562
5.003,4.620,-1.546,6.404
5.721,4.505,-2.203,5.109
-2.250,3.079,-9.605,4.341
14.674,3.897,-3.417,4.592
5.238,3.212,-0.561,5.555
2.360,3.883,-4.262,7.773
2.466,5.579,-6.712,6.247
-2.036,4.734,-9.711,5.613
11.394,4.952,-3.077,6.593
3.222,4.559,-5.988,4.374
7.926,5.524,-3.990,1.990
2.914,6.143,-7.973,5.634
2.240,4.932,-5.856,5.400
4.704,5.210,-3.870,6.325
4.710,3.091,-0.964,3.046
1.815,7.020,-1.881,5.546
7.700,4.340,-1.631,4.518
7.175,1.731,-2.705,6.886
1.861,4.134,-4.293,4.781
3.601,2.284,-6.762,6.446
5.030,4.691,-3.180,6.131
3.569,3.970,-7.800,7.253
4.335,3.318,-6.280,4.870
3.273,3.059,-6.366,5.322
0.358,4.785,-4.693,7.349
4.798,5.778,-3.825,4.037
1.215,2.924,-8.916,6.590
0.961,3.769,-2.023,3.493
4.134,3.911,-3.369,5.008
7.374,2.687,-2.344,6.257
1.775,5.723,-4.004,4.965
1.312,4.565,-4.964,4.211
4.763,4.091,-4.454,4.346
-1.837,3.366,-4.754,5.328
-1.349,3.626,-5.025,3.445
-0.300,3.147,-4.615,5.894
4.915,2.002,-6.938,5.814
3.037,3.857,-4.658,5.837
0.316,4.813,-3.069,6.054
6.080,4.767,-6.678,5.757
2.460,3.056,-8.383,6.145
2.002,2.644,-7.989,4.851
6.467,2.422,-2.755,5.186
-4.044,3.533,-4.925,4.184
0.731,3.868,-7.632,3.649
4.615,3.686,-3.586,4.477
1.264,5.004,-5.825,4.239
1.656,3.486,-4.960,6.330
6.564,2.742,-6.026,5.326
0.816,3.607,-4.445,6.144
0.427,5.743,-7.543,1.205
3.078,4.394,-7.352,5.767
8.810,4.068,-6.330,6.197
2.835,3.396,-8.546,4.501
-2.683,4.523,-7.337,6.424
3.189,3.480,-3.363,9.332
5.368,3.193,-6.753,3.845
-3.746,3.543,-7.340,6.419
-1.095,5.011,-6.750,5.463
4.987,4.916,-4.856,6.278
2.369,3.671,-1.349,5.376
5.129,2.144,-0.594,4.467
2.419,3.832,-6.646,6.620
1.811,3.879,-7.980,5.962
2.005,2.826,-1.793,4.670
0.331,2.900,-5.780,5.664
6.331,3.993,-4.474,5.477
5.125,3.899,-6.755,6.545
-3.419,3.450,-1.164,5.934
4.437,3.756,-2.480,4.760
3.298,4.726,-4.258,5.880
4.792,3.182,-6.337,6.637
1.747,4.555,-12.046,3.267
5.530,3.297,-2.940,7.058
3.651,5.781,-3.938,3.076
1.702,3.414,-3.385,3.720
4.514,2.735,-4.520,8.473
-0.632,1.911,1.291,4.154
7.739,3.934,-1.844,4.956
-2.583,3.189,-3.108,4.698
3.757,4.334,-5.234,4.223
2.781,3.881,-3.112,3.879
6.790,3.205,-7.528,8.718
3.334,2.764,-8.205,4.807
2.298,4.820,-5.126,5.473
5.992,4.062,-3.335,6.496
6.032,4.436,-11.329,2.614
0.613,3.374,-5.694,5.077
2.133,5.067,-8.779,4.367
2.634,2.454,-7.111,4.299
2.860,4.199,-4.767,4.350
10.737,3.879,-4.178,3.965
0.125,4.915,-4.838,6.472
0.117,3.146,-0.947,5.938
-2.322,1.315,-5.721,2.440
-1.849,4.759,-7.184,4.182
0.307,3.202,-1.545,5.872
0.602,4.808,-2.054,6.144
9.753,5.113,-7.857,5.419
7.000,3.452,-0.165,5.051
2.952,2.049,-9.769,6.889
6.061,4.681,0.357,5.361
3.214,4.127,-5.723,5.776
5.197,4.733,-8.359,6.053
3.346,4.270,1.014,3.759
3.902,4.567,-5.212,5.475
4.843,3.697,-5.097,6.280
6.818,5.707,-3.735,3.961
0.084,5.023,-3.481,4.799
1.668,3.752,-5.813,7.705
8.226,3.715,-2.691,6.593
-0.825,4.354,-1.899,4.828
4.094,6.181,-10.197,6.724
0.789,3.767,-11.977,6.787
1.073,3.068,-7.133,4.306
7.688,1.821,-2.415,8.823
5.210,4.476,-4.179,5.988
5.641,4.748,-8.550,5.979
6.317,4.380,-3.635,7.354
2.800,2.232,-5.111,5.008
3.102,4.534,-9.721,4.299
7.666,4.068,-5.618,4.501
0.965,3.391,-1.295,5.244
0.843,4.949,-5.444,4.297
4.250,4.052,-5.974,3.246
5.487,2.055,-5.024,6.568
0.735,5.511,-5.786,5.539
5.619,4.218,-4.607,4.426
6.215,2.135,-3.227,3.944
-0.388,5.828,-4.783,4.205
-0.084,2.935,-4.238,5.038
5.191,3.366,1.176,7.441
3.360,3.268,-8.390,5.082
4.502,4.387,-3.601,7.228
1.231,3.295,-3.997,3.443
3.330,3.599,-5.655,3.345
8.975,4.203,-6.151,4.639
3.197,3.887,-4.781,4.482
5.238,3.264,-4.100,8.070
9.369,3.117,-0.169,5.693
2.321,4.173,-7.309,4.772
-2.585,1.774,-1.391,3.438
7.840,2.757,-0.897,5.034
4.924,2.215,-3.185,2.687
9.522,2.153,-5.714,3.063
0.236,4.048,-6.279,6.839
-2.914,4.727,-2.767,4.112
5.059,4.615,-2.549,6.988
8.462,4.652,-6.587,6.616
-1.460,3.003,-1.771,4.944
-2.681,3.438,-7.925,5.210
5.457,3.503,-8.524,2.584
2.303,3.950,-9.802,8.163
1.280,3.966,-5.682,5.216
-4.073,4.466,-2.536,7.802
8.501,2.964,-11.100,6.885
-3.370,2.591,-1.823,5.320
2.792,5.673,-4.176,3.332
1.763,4.064,-5.235,4.183
3.482,7.170,-9.295,2.889
0.721,5.123,-3.207,4.211
6.182,2.788,-1.013,4.848
0.250,4.999,-0.967,3.572
4.945,3.609,-2.077,6.395
3.716,2.254,-2.194,4.437
1.508,4.311,-0.875,6.859
2.296,3.827,-4.228,5.540
2.979,5.857,-6.708,6.306
3.229,2.837,-5.422,3.902
1.842,4.283,-6.034,5.776
2.238,3.353,-8.555,5.699
-2.182,2.985,-5.425,6.118
0.989,2.334,-7.826,4.826
1.954,4.142,-6.583,6.661
1.103,3.506,0.209,5.993
1.893,4.469,-7.379,6.715
-0.841,1.771,-5.128,3.362
1.782,4.327,-5.732,3.778
-0.518,2.367,-4.370,7.828
4.220,4.642,-8.702,5.210
-0.866,4.196,-5.057,5.759
5.771,3.617,-7.048,4.923
3.735,1.413,-3.635,5.071
2.271,4.265,-8.365,4.910
2.054,4.189,-5.231,7.276
5.079,4.124,-9.301,3.310
-1.151,2.927,-0.232,5.405
5.097,4.533,-5.042,1.029
-0.453,1.367,-4.602,3.580
5.439,4.559,-4.990,2.779
3.173,3.753,-3.155,4.115
2.374,3.339,-2.921,4.096
10.106,5.535,-7.682,6.464
1.978,4.279,-2.841,2.614
3.918,4.778,-8.481,3.638
5.074,4.681,-4.519,3.567
-3.096,3.607,-2.046,5.609
3.441,5.514,-5.000,4.875
-1.344,3.657,-1.796,4.907
4.682,2.423,-6.195,4.855
2.372,2.139,-2.442,5.565
3.113,5.025,-4.825,5.488
0.417,3.514,-2.805,4.904
6.486,5.136,-6.813,5.483
3.814,4.597,-4.700,5.657
1.380,4.125,-3.607,7.258
6.007,3.292,-8.025,5.301
1.291,3.670,-3.878,3.635
6.008,5.061,-3.574,4.576
-0.759,4.651,-11.154,5.153
2.738,3.804,-6.804,5.679
5.999,5.202,-7.662,4.253
6.571,2.803,-3.927,6.931
0.607,3.359,-11.885,2.753
2.105,4.556,-8.746,5.069
6.836,4.961,-1.002,6.853
6.136,3.150,-8.758,4.175
7.040,3.182,-6.702,6.023
1.110,3.792,-1.719,4.841
4.663,3.561,-3.826,5.560
-1.181,4.204,-7.155,7.763
-3.908,4.332,-4.074,3.982
1.681,6.119,-6.328,5.589
-0.293,3.400,-4.452,3.928
4.482,6.001,-6.627,7.121
1.123,4.732,-5.764,4.089
2.499,4.620,-2.724,6.483
7.544,3.097,-6.003,3.300
-1.605,4.968,-6.309,6.067
6.224,3.506,-7.952,5.283
-0.640,4.361,-0.976,7.337
-0.295,2.951,-1.702,5.671
6.001,4.829,-4.328,4.979
5.910,4.084,-9.210,5.967
0.834,3.639,-6.512,4.060
2.310,5.525,-2.857,4.061
3.298,2.511,-3.785,4.281
-0.516,3.833,-2.235,4.131
3.598,3.462,-7.668,5.153
6.279,3.235,-1.400,5.616
4.584,4.796,-4.886,7.656
3.686,3.002,-5.234,2.629
2.820,4.436,-1.342,6.419
5.412,5.294,-7.269,5.334
4.591,3.382,-3.858,6.067
7.444,2.788,-1.345,3.398
-1.127,3.407,-7.387,5.935
-0.747,6.583,-10.303,3.942
-1.064,5.614,-4.195,6.127
1.033,6.293,-1.168,4.864
5.780,3.096,-4.530,4.573
3.283,5.605,-3.835,4.516
-0.001,3.716,-3.434,3.116
3.740,5.302,-3.411,7.748
7.000,3.493,-8.049,3.737
3.157,3.758,-4.265,3.718
5.310,2.992,-1.812,5.084
2.463,3.337,-6.321,7.008
5.560,4.907,-6.321,4.456
2.148,4.421,-2.770,5.696
-0.443,3.276,-7.153,6.219
5.027,5.702,-3.237,6.411
-1.935,3.650,-4.126,3.546
0.523,2.742,-3.723,6.721
4.217,4.491,-3.747,5.916
6.648,6.386,-8.795,6.374
3.272,4.917,-2.745,5.496
4.996,3.573,-5.449,1.753
3.218,4.110,-4.482,4.921
2.415,4.866,-8.215,6.442
2.876,3.804,-7.813,4.859
6.560,4.936,-9.415,7.415
3.053,3.137,-6.096,5.621
-0.916,4.708,-4.928,1.254
4.597,1.486,-3.804,2.644
-2.064,4.183,-3.529,8.456
3.368,4.749,-3.828,6.334
6.032,5.245,-8.440,5.095
3.510,3.713,-9.879,6.221
0.149,4.093,-4.920,4.004
2.034,6.053,-8.914,3.631
9.493,6.706,-0.639,4.690
-1.006,5.378,-3.901,5.318
0.069,3.464,-7.447,5.206
5.361,4.548,-6.641,6.267
4.590,2.430,-8.326,4.759
7.634,3.870,-3.666,7.238
-7.962,3.810,-5.492,7.126
5.429,4.835,-7.214,4.139
2.411,3.525,1.266,6.068
5.226,4.837,-4.886,4.668
3.155,4.734,-0.058,4.243
4.154,4.700,-5.999,4.567
0.277,4.184,-8.643,6.128
2.436,3.288,-1.643,5.961
4.677,3.383,-1.154,4.764
5.548,5.441,-2.760,4.108
7.895,4.865,-6.072,5.457
4.096,3.837,-6.540,4.082
3.427,6.567,-0.926,5.862
7.884,4.248,-8.787,4.284
1.766,1.675,-4.723,4.857
3.396,3.358,-2.247,4.926
9.985,3.532,-8.983,5.540
-0.924,5.377,0.386,5.933
3.009,2.617,-8.954,6.379
0.314,4.041,-4.713,5.419
-3.568,3.474,-5.135,2.495
4.912,4.275,-4.380,5.697
-2.616,3.827,-0.108,5.052
2.491,3.232,-3.430,6.742
1.427,5.440,-8.027,4.479
5.581,4.223,-3.999,3.406
2.798,4.677,-7.066,4.945
4.039,1.331,-4.304,6.440
0.910,4.772,-2.510,3.291
0.326,3.976,-5.845,7.181
0.426,3.806,-5.500,3.377
-2.273,2.880,-4.277,4.527
3.450,4.626,-6.598,6.178
1.005,4.912,-5.520,6.579
2.173,3.960,-1.576,4.924
5.565,5.214,-1.426,5.663
-1.709,4.369,-3.773,4.558
0.687,4.697,-0.813,5.510
3.105,2.588,-2.961,4.100
0.970,4.465,-7.138,5.500
3.122,3.744,-7.875,6.295
3.625,3.874,-8.325,5.961
0.529,3.204,1.535,4.785
6.626,5.759,-0.836,5.855
3.512,2.598,-7.098,4.069
7.998,2.267,-3.648,5.811
5.721,5.208,-3.228,6.548
2.257,5.287,-5.752,3.888
3.625,3.889,-6.886,5.893
-5.484,2.682,-2.119,5.585
3.230,3.026,-6.681,4.972
5.294,4.721,-3.324,6.298
0.243,3.328,-9.577,3.511
0.289,3.609,-1.719,6.418
1.856,2.240,-4.077,2.764
2.017,4.244,-3.109,4.778
5.702,2.445,-4.750,4.770
-1.533,5.488,-2.543,4.350
3.374,4.594,-1.785,3.957
3.082,5.054,-3.082,4.834
-1.903,4.194,-0.537,5.223
3.528,4.305,-7.656,4.519
2.665,3.409,-2.877,4.341
3.391,4.215,-10.595,4.434
4.480,2.113,-7.260,5.313
2.289,4.834,-2.589,7.258
-0.890,1.823,-5.645,6.742
3.994,4.272,-2.667,5.299
3.042,2.310,-3.406,6.447
5.972,3.294,-6.362,4.755
6.763,4.083,-2.337,3.639
0.710,4.613,-6.194,7.234
2.470,4.596,-8.463,3.038
-0.880,5.142,-5.556,7.172
7.010,4.976,-5.371,9.545
7.671,3.854,-7.954,4.193
-5.221,3.185,-2.170,4.679
7.208,3.592,-2.485,4.957
1.525,5.398,-4.793,6.733
0.746,4.139,-8.643,4.495
2.177,4.952,-8.505,3.753
3.663,2.392,-2.703,4.247
0.775,5.334,-5.857,5.445
0.043,4.313,-1.457,5.916
-2.724,4.793,-2.081,5.426
-1.405,3.941,-10.566,7.200
3.063,4.461,-5.112,3.383
1.142,4.818,-4.126,6.268
5.409,5.131,1.278,0.795
0.784,3.502,-6.257,3.090
4.238,5.338,-7.458,6.714
-1.074,3.948,-4.357,7.738
-2.852,3.444,-3.902,3.873
6.433,4.637,-10.477,4.986
7.487,4.727,-6.770,4.893
8.729,3.586,-0.869,5.452
5.715,3.577,-10.714,6.627
3.380,4.281,-2.701,6.395
1.957,3.629,-3.892,6.224
7.644,4.012,-2.912,5.384
1.666,4.938,-4.960,5.063
1.775,4.422,-3.534,6.192
-4.126,3.367,-2.981,3.886
5.855,3.775,-3.856,7.047
-0.990,5.460,-6.655,6.563
3.248,3.503,-6.409,6.505
4.472,3.243,-4.437,5.283
5.679,4.661,-10.240,5.382
3.443,4.197,-9.612,3.701
5.051,3.347,-2.705,5.662
5.290,4.076,-9.184,5.407
-5.065,2.643,-6.326,5.521
3.560,4.890,-7.397,5.154
-0.203,2.427,-1.683,5.285
8.518,4.634,-6.817,7.141
0.764,2.978,-6.589,4.645
5.591,3.859,-2.863,4.185
3.229,4.766,-5.875,6.857
1.810,4.222,-6.645,7.741
-0.265,3.642,-4.996,4.927
1.564,5.134,-2.817,1.335
4.729,4.161,-3.927,3.429
1.936,6.171,-6.362,7.471
3.145,5.068,-2.249,5.381
-1.287,3.909,-7.866,2.849
-1.548,3.797,0.024,4.358
4.882,4.394,-6.821,6.010
-2.434,3.453,-5.959,3.649
4.587,4.264,-7.174,4.856
1.540,4.239,-0.325,5.115
2.782,5.106,-9.584,4.645
6.420,3.746,-2.484,3.923
1.741,4.086,-2.914,6.570
4.167,3.103,-2.328,8.721
0.751,3.953,-8.715,2.793
4.871,2.631,-9.283,7.487
5.283,4.547,-3.446,3.716
1.986,4.209,-7.596,6.300
4.370,3.382,0.736,5.470
5.709,3.420,-6.378,6.259
-0.021,5.170,-10.205,5.335
-0.720,5.168,-0.240,5.595
-1.073,4.138,-4.018,3.958
4.630,4.426,-4.940,4.026
4.901,5.127,-3.638,4.927
1.574,3.321,-1.028,3.910
9.425,3.065,-4.200,6.332
4.047,4.866,-2.269,6.664
9.118,4.419,-7.457,7.032
0.831,1.656,-0.839,7.865
2.746,5.398,-2.722,6.653
0.825,5.184,-6.706,3.936
0.260,4.123,-6.861,8.105
5.478,3.209,-6.459,4.774
9.720,3.027,-4.413,7.394
-0.186,6.258,-2.503,4.848
4.251,3.665,-6.458,7.821
3.880,3.852,-1.248,7.543
0.445,4.233,-2.484,2.780
1.001,3.137,-4.409,3.272
2.711,5.758,-6.900,5.599
4.594,3.674,-6.697,4.483
7.636,2.472,-7.288,6.228
9.542,4.967,-1.780,7.568
-0.016,4.557,-5.989,7.783
0.157,4.266,-4.154,5.177
3.077,3.449,-8.884,6.064
8.343,3.682,-2.050,3.108
3.603,5.029,-0.896,6.208
-0.377,2.413,-6.431,4.574
0.636,2.414,-4.437,3.842
0.125,2.533,-1.596,6.242
0.983,3.760,-3.983,4.341
-2.363,5.107,-5.974,5.676
0.232,6.354,-8.363,5.977
1.410,3.741,-5.660,4.813
6.953,2.345,-5.464,5.132
5.168,1.591,-3.976,4.329
5.336,3.151,-4.163,5.186
0.607,2.800,-3.495,3.968
-0.441,3.841,-2.415,3.298
5.737,3.260,-1.139,5.293
-0.546,4.103,-4.948,6.943
1.464,3.591,-4.562,6.327
6.790,3.537,-8.744,5.475
0.423,3.819,-9.948,6.907
2.384,5.071,-2.512,5.332
2.602,3.706,-0.564,5.969
0.213,2.900,-9.964,4.230
2.324,3.138,-1.655,5.453
-4.290,4.777,-4.706,3.780
0.628,4.667,-3.972,2.320
4.384,3.615,-4.457,3.892
2.408,4.256,-4.501,5.678
5.759,2.919,-8.223,3.773
-0.601,3.802,-5.673,5.168
4.672,5.091,-0.079,5.080
7.675,4.345,-6.839,5.600
5.863,2.832,-2.455,4.072
4.106,5.861,-7.379,3.555
5.612,2.506,0.832,7.032
0.241,3.656,-5.075,6.080
2.376,1.873,-3.024,6.587
8.029,3.852,-4.800,6.186
1.342,3.138,-10.771,5.717
0.845,4.142,-2.739,2.906
1.070,4.193,-7.947,5.230
5.047,4.664,-6.265,4.355
0.534,3.427,-3.262,5.819
1.817,3.385,-4.448,5.025
3.854,5.218,-0.039,6.193
-0.121,3.881,-8.269,4.460
9.155,3.923,-6.321,6.317
1.079,6.012,-4.518,7.362
-0.903,4.223,-5.731,6.206
-1.757,3.440,-3.853,7.461
3.388,6.181,-0.314,4.142
5.317,4.148,-7.825,5.874
4.377,3.821,-7.871,6.043
-0.849,3.510,-7.060,7.082
5.891,4.926,-0.708,4.876
3.257,3.628,-1.110,3.442
2.749,2.552,-3.577,5.458
3.398,3.868,-3.263,5.233
0.187,6.116,-4.697,4.304
0.120,3.564,-4.900,3.519
0.287,2.788,1.952,6.868
3.584,3.741,-3.219,7.765
0.815,4.386,-2.685,6.532
1.458,3.757,-6.367,6.225
2.523,3.746,-6.392,7.488
2.794,4.892,-6.161,6.032
5.332,3.932,-3.976,5.982
1.948,3.039,-2.661,4.130
6.320,2.649,-2.475,2.927
2.087,4.622,-4.775,6.436
9.115,2.942,-1.947,5.438
4.046,3.215,-4.237,3.265
4.251,4.302,-5.473,3.433
4.897,3.350,-5.310,2.361
8.409,4.881,-9.616,2.665
1.141,4.575,-7.695,7.105
-2.632,3.718,-1.638,5.765
2.355,4.506,-4.597,6.328
5.888,4.964,-1.006,5.570
2.495,3.519,-6.505,4.252
-0.519,4.290,-4.859,2.487
4.993,2.595,-0.915,5.694
-1.539,3.468,-9.671,5.058
4.760,1.996,-6.803,2.156
2.632,5.069,-3.511,5.717
-3.174,2.069,-1.582,4.732
3.460,4.342,-5.317,4.071
1.827,4.666,-9.087,2.726
6.756,5.509,-2.593,2.941
3.896,3.125,-3.113,4.997
5.819,3.013,-8.357,6.279
1.494,6.440,-7.941,5.208
8.984,1.152,-8.513,5.067
6.299,4.763,-3.215,6.736
4.219,4.895,-3.180,5.553
0.196,4.027,-9.008,5.824
1.999,2.951,-3.710,4.335
1.015,3.813,-7.167,6.593
0.193,2.995,-3.699,4.895
-2.904,3.788,-5.981,7.028
2.097,3.740,-3.573,6.134
-3.010,3.361,-7.296,5.750
3.889,3.816,-3.067,4.854
3.758,7.409,-6.641,6.167
4.977,3.743,-2.443,6.986
5.224,2.958,-1.856,4.365
4.719,3.887,-2.796,4.540
7.194,5.585,-5.984,5.456
5.161,3.930,-3.692,4.346
1.956,4.966,-7.157,3.589
5.639,5.241,-4.371,6.013
4.062,5.573,-9.799,7.610
2.565,5.233,-1.561,5.874
4.884,4.066,-9.659,5.439
4.716,3.733,-8.547,4.775
3.654,2.965,-2.773,4.340
5.993,3.413,-3.768,3.999
-0.653,3.467,-4.982,4.535
7.638,6.743,-5.311,6.203
2.528,2.462,-5.127,3.868
1.315,4.794,0.485,5.882
6.062,5.250,-8.639,4.600
-5.092,5.064,-2.348,3.183
0.125,5.882,-0.865,5.277
3.772,3.984,-7.940,5.216
4.147,3.920,-1.950,4.125
-3.647,6.068,-3.334,4.496
1.322,4.182,-4.288,6.485
5.802,1.764,-7.711,4.892
2.781,3.771,-3.836,5.704
4.594,4.861,-5.022,8.033
-1.342,4.321,-3.487,4.979
6.524,4.029,-4.085,2.954
-0.942,5.968,-4.301,6.843
-0.544,2.997,-2.929,4.075
4.290,3.237,0.298,7.167
2.744,2.757,-6.639,5.484
5.193,3.383,-1.637,6.807
3.360,4.258,-10.123,5.472
3.930,4.682,-3.151,5.621
-0.545,4.170,-7.538,6.220
4.313,4.248,-5.214,5.029
4.955,3.967,-4.077,6.678
-1.075,3.439,-4.987,3.433
4.417,5.091,-1.592,7.000
2.077,5.018,-9.602,5.366
-0.416,3.420,-6.801,7.525
5.103,3.215,-9.834,6.823
8.451,4.544,-8.358,5.409
2.007,5.685,-8.920,4.052
9.326,4.396,-6.332,4.122
5.165,3.329,-4.791,5.464
3.618,5.369,-2.514,5.342
0.333,4.376,-5.381,5.213
3.816,4.477,-0.533,6.585
-0.725,5.438,-5.375,6.206
6.668,2.026,-5.889,4.224
8.082,3.133,-3.902,4.750
5.386,4.077,-1.495,5.774
5.377,3.458,-2.943,6.015
1.630,2.003,-7.616,4.655
2.985,3.377,-5.620,5.134
0.824,4.461,-8.247,5.087
5.338,6.078,-5.405,5.808
6.741,2.619,-0.799,5.659
7.406,4.737,-8.794,2.224
0.640,4.471,-3.513,5.834
4.025,3.440,-3.258,3.842
5.150,3.536,-9.228,4.252
0.769,3.554,-8.018,4.912
0.633,4.659,-4.669,5.023
8.994,3.021,-5.301,4.615
-3.899,4.283,-6.169,4.389
1.780,4.328,-7.311,5.167
1.099,3.795,-5.642,6.030
5.606,3.944,-4.641,3.495
2.904,6.625,-5.930,6.307
8.174,3.388,-7.952,5.593
-1.724,3.121,-3.112,5.337
-0.317,6.151,-0.391,3.046
6.388,4.005,-6.677,4.220
4.456,2.955,-6.674,4.060
3.677,3.051,-7.427,6.026
7.291,3.662,-5.597,3.984
9.377,4.025,-9.042,3.692
-5.024,3.207,-3.647,6.941
-0.135,3.349,-0.052,7.206
4.318,3.134,-4.545,5.288
-3.896,2.814,0.369,5.562
3.081,3.980,-8.951,5.707
3.333,3.670,-1.594,6.881
4.132,3.302,-4.035,3.212
5.805,3.834,-3.384,5.367
6.559,4.486,-3.531,3.824
-0.338,1.456,-0.791,2.322
-0.430,4.005,-7.242,5.153
-1.656,5.016,-3.982,4.486
4.210,4.972,-3.409,4.298
1.923,2.068,-5.361,3.149
1.328,4.113,-12.718,5.344
0.104,3.701,-5.018,4.158
3.095,5.523,-8.587,5.443
0.229,5.928,-0.606,3.460
4.052,3.915,-3.003,5.178
9.059,2.368,-10.185,6.425
3.899,2.387,-3.624,6.652
3.284,4.753,-8.320,5.887
2.398,4.527,-5.526,4.659
3.928,4.405,-10.434,5.250
2.138,3.895,-4.637,4.178
2.111,5.371,-4.296,4.931
3.231,3.994,-4.290,5.313
3.529,3.150,-0.791,5.110
1.936,3.407,-5.231,6.155
2.136,3.460,-3.718,4.481
5.354,4.033,0.177,4.771
4.482,4.763,-6.047,7.508
4.787,2.465,-3.083,2.976
7.782,4.847,-5.152,5.341
4.545,6.198,-7.318,4.387
0.070,2.203,-7.064,7.717
-1.319,3.425,-6.111,5.407
3.085,4.321,-5.467,6.089
4.477,5.974,-7.666,4.453
6.790,4.055,-1.347,3.751
5.592,3.950,-0.754,5.712
-2.717,3.401,-6.761,4.160
4.031,4.607,-3.594,5.748
0.589,3.383,-4.552,5.599
5.398,4.297,-2.936,5.766
4.099,2.751,-3.575,3.739
3.905,3.659,-2.499,6.094
4.474,3.832,-2.661,4.239
4.535,3.569,-0.135,2.899
3.007,3.711,-4.380,3.789
-1.059,4.171,0.871,6.471
-4.379,5.757,-3.076,5.382
6.439,4.801,-5.518,3.591
2.233,4.183,-0.310,2.393
2.944,4.280,-10.748,5.552
-1.543,1.736,-7.806,3.560
5.076,3.386,-3.927,6.004
4.790,4.936,-6.073,6.582
5.217,4.408,-3.753,5.630
6.298,5.263,-7.193,3.800
4.293,4.318,-6.044,5.380
-0.486,6.013,-9.390,1.601
1.096,2.875,-5.297,6.075
0.158,4.094,-7.686,4.826
2.421,3.592,-4.530,4.844
-0.476,3.238,-1.920,6.172
1.951,1.992,-5.551,4.167
4.193,4.148,-4.883,3.717
5.981,4.096,-1.573,7.822
11.891,2.414,-7.924,3.245
1.978,4.378,-9.757,6.889
3.447,4.556,-4.420,7.689
-0.108,1.821,-1.675,4.051
3.240,4.048,-5.632,4.775
2.733,3.746,-5.126,5.412
3.352,4.761,-3.297,6.073
4.819,4.559,-2.598,5.326
3.712,5.990,-9.103,3.300
-1.349,4.277,-4.047,5.413
9.312,4.910,-5.053,5.913
-0.114,5.455,-3.909,6.089
3.744,6.198,-7.685,6.821
4.784,3.248,-8.424,7.059
5.732,5.476,-4.726,4.992
-3.029,4.662,-3.664,5.048
1.984,3.596,-3.621,4.090
0.534,4.453,0.122,5.313
8.617,3.244,0.138,6.446
-0.397,4.243,-7.366,4.579
0.322,5.087,-9.253,4.179
6.750,5.501,-7.081,7.016
-2.956,6.863,-4.035,6.044
7.530,3.991,-2.394,5.959
5.936,4.225,-7.902,4.602
1.798,3.198,-2.890,5.239
-1.129,3.290,-4.048,3.717
3.554,2.630,-3.546,6.558
5.897,5.727,-4.613,6.960
3.730,3.457,-5.411,4.477
2.030,4.407,-3.807,6.142
11.040,2.980,-6.312,5.464
0.368,5.461,-8.099,7.055
0.056,1.387,-6.355,4.532
0.501,3.596,-3.718,4.004
2.247,3.096,-8.130,5.849
2.742,4.951,-8.035,4.480
4.694,5.233,-5.685,5.538
2.499,3.712,-8.627,5.416
6.675,4.367,-4.097,7.704
2.907,3.279,-4.033,5.059
2.482,2.875,-5.178,4.245
3.701,3.530,-2.744,2.302
3.068,4.293,-2.772,7.750
6.108,4.033,-3.925,3.733
3.684,1.346,-4.601,5.599
0.618,4.694,-3.690,5.793
2.516,4.413,-1.635,6.576
3.765,4.337,-4.112,3.825
0.618,2.970,-4.940,8.383
4.440,4.391,-3.419,3.917
8.153,5.062,-3.779,6.381
0.948,4.836,-4.836,5.927
-1.346,3.827,-6.176,4.470
3.718,4.367,-3.836,3.602
4.180,4.091,-3.085,4.648
-2.801,5.813,-2.470,5.161
0.037,2.767,-4.939,5.345
2.210,3.705,-8.419,5.862
1.614,4.264,-4.671,5.154
-0.903,2.562,-6.567,5.122
3.003,3.368,-5.724,6.133
-0.604,2.333,-4.454,4.106
-1.546,1.940,-7.010,5.172
4.454,2.962,-6.135,4.968
6.851,4.366,-3.557,1.743
4.435,5.422,-7.482,4.072
6.270,5.536,-4.488,3.962
5.109,2.614,-5.646,3.449
1.771,2.623,-3.028,5.248
3.322,1.181,-7.027,6.484
1.338,3.717,-6.714,6.431
8.347,4.185,-11.432,5.798
0.263,4.757,-3.810,2.697
3.055,1.858,-5.087,5.511
8.354,5.038,-3.468,4.722
3.112,3.567,-5.085,6.027
4.242,4.336,-4.671,5.946
3.091,4.535,-4.451,6.685
3.279,2.862,-6.536,2.195
0.793,4.084,-2.061,5.463
5.972,3.816,-4.280,3.615
5.355,5.208,-2.294,6.048
3.435,4.950,-1.343,2.034
5.072,3.670,-4.613,5.808
0.644,4.399,-2.829,3.401
3.367,4.574,-3.780,3.267
8.571,3.339,-0.319,5.463
10.793,5.136,-4.421,6.086
1.729,4.001,-6.026,4.664
1.444,5.139,0.617,5.075
1.300,4.179,-2.078,3.856
4.186,3.788,-4.282,5.867
1.781,3.852,-1.480,4.972
9.565,4.888,-0.917,5.191
-0.198,2.990,-4.848,3.635
2.060,3.772,-0.167,7.137
2.591,2.872,-3.663,6.186
5.170,2.988,-8.477,3.239
2.355,3.568,-1.830,5.365
2.685,4.945,-4.978,8.799
3.169,3.499,-3.437,5.555
1.110,3.000,-8.161,6.579
4.669,6.066,-11.264,4.996
0.792,4.445,-7.615,6.263
3.254,4.582,-1.707,6.978
5.150,4.320,-5.384,3.509
7.302,4.080,-7.127,4.971
4.394,4.481,-4.716,6.485
-3.799,1.666,-6.603,4.764
-1.254,5.211,-2.583,5.341
0.127,3.171,-5.169,2.265
7.784,3.740,-8.253,6.681
-2.257,3.724,-7.475,4.556
7.048,3.248,-3.158,5.941
-0.242,3.008,-2.273,4.492
2.833,4.286,-5.054,5.902
7.303,5.337,-3.909,6.434
4.095,4.849,-3.804,2.122
9.779,3.698,-11.179,5.257
4.553,5.281,-3.499,5.857
-2.013,3.196,-9.230,4.660
3.361,3.600,-5.063,3.805
7.862,3.102,-8.727,4.188
6.502,3.948,-7.278,3.853
6.862,4.585,-8.982,4.707
-2.480,5.108,-5.350,6.356
1.894,3.669,-6.654,5.169
4.667,6.256,-3.279,4.176
-2.537,2.130,-5.605,5.448
-2.000,2.936,-4.256,4.654
4.886,4.624,-10.250,5.530
-0.882,3.410,-5.287,4.674
9.991,4.767,-5.675,6.952
4.153,2.766,-6.530,2.441
9.074,4.558,-0.942,3.530
4.046,4.088,-6.589,3.337
3.261,3.912,-3.602,7.569
6.226,2.468,-4.720,7.330
8.804,3.806,-7.544,5.329
7.140,2.941,-3.592,5.691
2.841,3.315,-9.273,5.033
7.245,4.103,0.128,6.969
5.680,5.967,-3.006,4.028
3.288,4.743,-7.339,4.637
-1.835,3.895,-3.264,6.632
2.939,4.719,-7.716,6.851
1.305,3.620,-5.776,5.937
-1.094,3.388,-5.296,6.430
9.074,2.869,-6.031,3.891
4.093,3.860,-3.075,4.246
7.215,6.144,-3.875,6.911
-2.472,5.301,-6.770,5.404
4.675,3.542,-8.582,5.396
1.993,3.667,-3.282,4.056
-3.054,3.830,-7.444,3.507
8.250,3.881,-2.549,2.992
5.171,5.818,-2.285,4.316
2.561,4.046,-3.158,7.343
4.299,4.647,-0.288,5.655
4.992,4.999,-3.100,6.933
9.072,4.378,-5.200,3.948
12.279,5.024,-10.142,4.734
0.513,4.265,-0.477,5.397
4.722,4.418,-4.644,6.434
6.436,2.771,1.028,4.561
1.326,5.524,-5.327,5.302
5.965,2.297,-6.689,4.380
5.826,5.089,0.301,5.966
6.647,3.755,-3.283,6.019
7.907,2.754,-5.554,5.342
0.363,4.496,-0.119,4.106
-2.249,4.292,-10.660,6.568
3.997,4.866,0.084,5.727
6.973,4.127,-6.254,6.226
3.938,2.801,-8.587,6.835
0.346,4.765,-4.109,5.039
4.382,3.673,-8.786,5.709
1.223,5.423,-6.268,4.727
1.353,3.001,-1.955,7.114
4.576,6.607,-4.953,5.027
7.393,2.329,-4.896,5.618
3.286,5.310,-6.614,5.658
0.851,4.621,-5.168,7.335
3.967,3.713,-4.967,4.995
2.703,3.912,-6.243,5.115
3.253,4.271,-9.363,5.418
7.657,5.189,-6.628,3.864
8.691,2.800,-5.042,3.660
2.087,3.306,-8.282,3.965
-0.312,4.181,-5.401,6.224
0.985,4.320,-4.400,4.869
-0.039,4.436,-5.715,4.635
-1.710,2.547,-4.888,5.612
-0.416,4.677,-11.672,5.249
-0.757,4.847,0.707,6.019
7.882,4.064,-0.441,5.611
-4.328,3.748,-6.942,5.671
4.370,5.289,-3.004,5.587
2.303,1.445,-2.919,4.548
5.058,3.456,-6.077,4.362
0.392,4.539,-1.689,7.068
7.496,5.906,-5.277,4.445
6.673,4.730,-7.254,4.635
6.624,5.329,-4.816,5.265
5.511,5.702,-0.143,2.723
2.766,5.751,-3.416,3.977
5.259,3.982,-8.914,4.902
1.840,3.494,-6.201,5.280
-1.550,3.952,-4.215,4.689
3.862,4.252,-4.888,4.479
3.881,2.693,-3.831,4.849
-5.547,2.455,-4.399,5.558
0.314,3.438,1.209,5.518
5.620,2.037,-4.092,4.219
3.546,4.533,-3.722,5.320
-6.289,2.843,-3.710,5.717
2.724,3.703,-4.932,6.021
2.781,4.897,-3.543,7.298
3.704,3.689,-12.606,5.326
4.104,6.189,-4.758,3.966
5.205,2.679,-8.723,4.850
2.655,2.026,-4.672,6.064
-1.039,4.927,-0.619,5.151
5.196,6.242,-10.339,5.563
0.760,4.113,-4.756,5.698
4.802,4.585,-8.400,7.177
-3.593,5.942,-7.247,5.079
1.948,3.044,-7.938,7.371
0.163,2.651,-5.493,4.691
2.511,3.625,-1.399,6.572
0.855,4.666,-0.765,5.216
3.441,3.223,-7.996,4.724
-5.547,5.321,-3.043,1.521
7.270,5.206,-6.157,5.674
5.812,4.389,-5.059,4.140
2.786,3.783,-5.541,3.730
2.952,4.625,-7.052,4.913
-0.092,4.273,-7.728,4.756
-0.565,4.839,-4.230,6.138
3.593,4.006,-6.641,4.754
6.052,6.248,-2.521,3.875
