-3.445,-1.316,-3.498,0.218
-3.846,2.257,1.037,-0.525
-1.677,0.315,3.040,0.280
-4.221,-0.616,-2.684,0.243
-3.776,2.134,-1.402,1.576
-3.077,-0.056,-3.461,-1.087
-3.449,2.559,4.895,-0.602
-3.425,0.726,1.308,-1.005
-3.867,0.368,2.172,-1.186
-0.520,0.597,-0.739,1.523
-3.186,0.383,1.818,-1.512
-4.512,0.602,-0.443,-1.829
-2.227,2.468,3.036,1.876
-4.150,0.316,-7.794,-0.416
-3.744,0.718,0.688,-2.232
-2.970,1.410,-1.891,1.034
-2.730,1.500,-1.375,-0.655
-1.563,0.985,1.446,1.332
-1.894,1.459,-1.378,-1.758
-1.575,-1.086,-0.489,0.838
-2.104,1.955,0.825,-0.760
-2.405,1.853,-3.300,1.426
-3.554,0.763,2.701,0.165
-1.461,2.505,-3.928,-0.549
-1.937,1.398,-0.880,-0.795
-2.670,0.743,-0.073,-1.106
-2.030,1.688,3.231,-0.592
-3.243,1.085,-3.615,1.327
-3.416,1.859,-0.928,0.286
-1.434,1.912,-2.406,-0.625
-1.747,-0.390,1.773,0.535
-1.411,0.703,0.987,0.953
-2.836,0.411,-4.430,0.645
-2.902,1.056,0.858,2.227
-2.789,1.388,1.307,0.090
-2.665,-0.248,-3.488,0.484
-2.331,2.699,0.285,1.591
-1.138,0.624,-0.383,-0.132
-2.842,1.598,-0.173,-0.115
-2.503,-0.045,5.554,0.590
-1.571,1.360,3.429,-2.452
-4.451,2.459,3.030,-1.572
-3.075,0.009,-0.664,-1.126
-1.917,0.695,0.255,-0.582
-3.559,1.224,0.268,0.484
-2.093,1.034,-4.925,-2.312
-5.357,0.431,-1.160,-0.260
-2.096,0.992,4.438,-1.094
-2.019,2.122,-2.275,-1.072
-3.052,1.323,3.227,0.335
-3.923,1.638,-5.524,0.112
-3.924,1.218,0.486,-0.677
-3.764,0.710,-1.341,-1.304
-3.028,0.922,-1.078,0.769
-2.720,0.637,-1.680,-2.023
-1.534,0.965,-1.504,-0.191
-1.860,1.844,-2.630,0.440
-2.148,2.496,-0.291,1.114
-2.369,1.228,0.783,1.126
-2.386,0.837,-0.179,0.955
-1.683,1.797,-0.808,-0.937
-3.513,2.266,5.220,-0.231
-2.863,0.967,3.020,-1.646
-4.010,0.806,2.379,-0.573
-1.736,0.811,0.984,0.100
-3.153,0.392,3.636,-0.755
-4.264,0.179,-1.685,-0.757
-2.880,-0.472,-0.206,0.702
-2.286,1.577,2.800,-0.512
-3.275,0.095,0.470,-0.352
-1.120,0.023,1.740,-0.892
-2.397,-0.038,-3.248,-0.234
-2.807,1.987,4.630,0.055
-3.430,1.964,-0.577,-0.278
-0.718,1.040,3.828,-1.202
-1.546,0.973,6.628,-1.051
-4.654,-1.827,-3.536,-1.162
-3.096,0.146,0.467,-0.094
-1.182,1.674,-4.688,1.335
-3.663,2.048,-1.780,-2.259
-1.165,0.652,5.415,1.846
-3.452,-0.394,0.292,-0.911
-4.036,1.540,-1.556,-1.731
-3.164,0.962,2.094,-1.403
-1.989,1.181,-4.354,0.410
-2.056,0.717,1.072,0.726
-2.360,0.298,-7.967,1.487
-3.359,1.053,-3.432,-1.104
-2.161,0.927,-2.572,0.291
-2.387,2.333,0.653,0.848
-4.272,-0.513,-5.357,-0.180
-3.688,2.036,-2.555,-0.119
-1.877,0.889,-1.003,0.596
-2.747,2.635,-5.054,-1.335
-4.418,1.276,-2.296,0.933
-1.990,2.186,-0.506,-0.266
-2.116,0.600,3.784,0.821
-4.078,0.304,4.187,-1.613
-2.464,1.193,4.566,0.390
-4.272,-0.948,-2.913,0.173
-3.037,0.544,-2.312,-1.432
-3.265,-0.576,1.064,0.189
-2.541,0.230,2.761,-1.383
-2.784,1.303,6.919,1.959
-2.285,-0.442,5.871,-0.521
-3.985,0.841,-0.761,0.804
-3.343,1.006,1.490,-0.007
-3.932,0.649,1.634,-1.012
-2.806,-0.422,-0.732,-0.231
-2.656,-0.577,-2.574,0.718
-2.104,2.015,-0.348,0.346
-2.688,2.626,-1.834,0.489
-2.597,2.643,4.291,-2.202
-4.854,2.733,-1.372,1.078
-3.261,1.177,-4.991,0.290
-3.662,0.989,-0.607,0.684
-2.740,0.315,-4.996,-0.891
-2.188,1.077,1.690,-0.336
-4.574,0.355,-0.499,-1.579
-4.035,1.583,-1.219,0.840
-3.591,1.665,2.583,-1.220
-3.641,1.669,2.646,0.446
-2.152,-0.909,-2.592,-0.985
-3.402,1.993,0.024,0.447
-4.342,-0.131,2.759,0.038
-2.240,-1.120,-2.507,1.496
-2.165,1.184,-0.184,-0.376
-3.983,-0.660,3.057,-2.949
-3.227,0.186,-2.872,-0.213
-3.045,1.447,-4.314,2.276
-3.265,-0.562,5.422,-0.683
-2.177,-0.752,-0.862,0.317
-5.089,0.848,-4.421,1.049
-2.493,1.091,-5.056,1.263
-2.557,1.750,-6.009,-1.346
-2.843,1.055,-5.838,-0.077
-2.497,1.413,-2.164,0.222
-3.361,0.846,-4.601,0.535
-3.031,1.609,-1.495,0.515
-4.626,-0.023,6.005,0.887
-3.311,1.081,0.763,-1.168
-3.099,0.629,-1.055,-0.601
-3.101,0.934,0.833,-0.361
-3.948,0.781,0.649,0.506
-3.258,1.410,-4.871,1.697
-3.370,1.493,-1.180,-0.945
-3.406,0.666,0.071,0.051
-1.615,1.072,2.383,-0.427
-1.333,0.979,2.033,1.047
-3.361,-0.691,-4.301,-0.280
-2.806,1.167,-1.545,1.047
-2.580,0.946,-4.257,-0.180
-2.598,2.143,-1.707,-0.202
-5.242,0.106,6.298,1.075
-3.534,0.173,2.233,2.259
-2.617,1.533,-3.877,0.463
-3.917,2.820,-0.321,0.501
-3.608,0.424,-0.382,-0.075
-3.984,1.773,1.515,0.825
-3.347,0.224,3.176,-0.561
-3.231,1.912,-0.996,0.012
-3.937,0.914,-0.537,-0.480
-2.490,0.241,-2.570,0.535
-2.093,0.542,-1.866,0.511
-5.286,1.581,-0.354,0.988
-2.044,0.649,1.521,0.593
-1.539,2.587,-1.353,0.602
-2.215,0.774,1.457,0.290
-6.134,0.121,6.039,-0.171
-0.541,2.091,-0.602,-0.396
-3.072,1.564,-1.087,0.755
-4.518,3.165,2.178,1.594
-3.109,1.062,3.554,-0.059
-2.141,0.940,-3.807,-1.234
-2.341,0.131,0.447,-0.737
-2.672,2.651,-0.145,1.591
-4.071,1.012,-0.795,-0.057
-2.246,1.410,2.857,0.129
-0.790,-0.297,6.067,1.343
-1.161,1.693,1.823,1.108
-3.456,1.383,-2.049,0.574
0.100,2.003,3.235,-1.196
-3.008,1.204,-0.798,-0.083
-2.667,2.169,-0.373,1.766
-2.393,-0.854,3.849,1.119
-4.308,-0.472,2.249,-0.403
-4.621,0.204,-3.289,1.125
-3.601,0.632,0.773,0.569
-2.717,0.609,0.602,-0.706
-2.929,0.326,1.988,1.336
-3.246,0.699,-3.382,1.047
-2.256,-0.266,-3.359,-1.045
-3.135,1.500,1.720,-1.858
-4.235,0.398,-1.464,0.218
-2.693,2.553,1.792,0.001
-2.243,-0.201,5.737,0.476
-4.028,0.899,-3.105,0.535
-3.011,0.409,-1.092,0.368
-1.764,1.442,0.425,2.059
-2.951,0.986,2.298,0.556
-2.334,0.670,3.059,-0.912
-3.800,-0.028,-2.463,0.348
-3.659,1.246,-0.345,1.069
-2.384,1.620,-0.148,1.454
-3.638,1.581,-1.285,0.023
-1.720,2.668,-4.405,-0.903
-3.297,-0.654,3.471,0.251
-1.651,1.136,1.911,0.750
-1.549,1.029,-4.610,-0.218
-3.710,1.311,-0.080,1.219
-1.554,1.898,3.586,-0.194
-3.933,-1.209,-2.458,0.973
-0.456,2.879,-0.808,-1.687
-4.401,1.946,0.191,0.952
-3.278,1.469,-3.393,1.050
-3.961,1.048,-5.372,1.785
-1.727,1.589,-5.987,1.943
-2.245,0.694,-0.070,0.917
-2.716,0.667,1.648,-0.137
-3.729,-0.668,-0.389,-0.287
-2.985,-0.560,4.536,-0.041
-1.759,2.103,-0.448,1.669
-3.001,1.937,-0.946,0.476
-2.780,-0.202,1.431,0.658
-2.471,1.578,-1.164,0.380
-2.185,1.658,0.330,0.463
-3.905,1.765,-3.390,-0.234
-2.077,1.748,0.225,-0.600
-3.590,0.396,-4.179,0.460
-2.273,-0.971,1.568,-1.974
-2.708,0.830,0.086,1.645
-1.407,1.886,-0.294,1.050
-1.524,2.890,-1.085,1.540
-4.622,2.067,-1.114,-1.429
-2.417,2.635,-3.559,-0.073
-3.758,-0.122,-2.713,-0.942
-2.145,1.841,0.382,0.662
0.012,0.333,-0.710,0.471
-1.497,2.246,5.582,1.631
-2.179,1.635,0.677,1.479
-2.163,1.910,-0.120,-0.698
-1.629,2.050,2.253,1.381
-3.164,1.926,0.918,0.848
-2.741,1.037,-0.682,-0.495
-4.437,0.971,-4.962,2.042
-3.808,0.985,-8.470,-1.289
-3.175,1.451,1.209,0.545
-1.842,-1.522,2.103,-0.350
-3.050,0.468,3.504,0.506
-3.585,-3.188,-0.201,1.633
-3.191,-0.014,-3.691,-0.184
-3.157,2.019,1.462,-0.987
-3.322,1.783,3.652,-0.338
-2.567,-0.508,-2.665,-0.002
-1.787,0.096,-0.859,-1.206
-2.979,2.363,-2.009,-0.871
-3.541,1.100,6.256,-1.349
-1.961,0.903,7.153,-3.254
-3.582,-0.390,4.480,0.272
-2.246,2.417,0.293,-1.018
-1.121,2.323,0.627,0.591
-1.721,1.731,-0.628,-0.333
-2.808,-0.773,-2.103,-1.502
-5.680,1.416,-1.765,1.877
-1.821,0.319,-0.700,0.964
-1.621,0.697,0.464,1.254
-4.327,-0.100,3.594,-1.583
-2.686,0.264,-3.487,-0.774
-1.205,1.766,1.759,-1.806
-1.602,0.934,-2.252,0.293
-2.244,2.618,-1.546,0.434
-3.920,0.613,-4.098,-0.796
-2.546,0.837,-0.146,-2.188
-0.850,-2.392,-0.843,0.582
-3.477,1.427,-2.361,0.883
-4.148,1.490,7.938,0.695
-2.158,0.394,3.881,0.635
-2.994,0.329,2.026,-2.394
-2.865,-0.088,1.005,0.718
-3.356,0.023,-0.148,0.625
-2.678,2.619,-5.080,0.837
-1.588,-0.555,-2.107,-0.563
-2.546,-0.058,1.442,-1.734
-1.494,-0.031,1.708,-0.065
-3.098,-2.024,5.353,0.782
-2.845,0.917,-1.616,-0.093
-2.489,3.622,3.076,-1.258
-4.619,1.954,1.800,0.042
-4.158,1.343,1.663,-1.697
-3.017,-0.186,-0.101,0.978
-3.027,1.126,-2.983,-1.350
-2.260,1.363,-1.145,-0.780
-2.640,0.384,1.161,1.740
-4.425,0.014,-1.200,-0.293
-3.090,2.070,-3.059,0.506
-2.502,-1.759,1.867,0.458
-3.633,1.704,-4.535,0.282
-3.448,-0.339,3.216,0.171
-2.711,0.550,-0.345,0.621
-1.778,1.807,-0.581,1.410
-3.261,0.521,-2.318,-2.295
-4.127,1.438,0.405,0.903
-2.137,1.830,1.186,-0.058
-2.910,1.603,-2.519,-1.655
-2.491,0.693,2.233,0.960
-3.750,0.156,-3.152,-0.540
-3.221,0.984,3.248,-0.468
-2.006,-0.612,-4.356,-1.620
-4.491,-0.280,-3.121,-0.082
-3.094,0.432,3.032,1.005
-1.734,-0.158,2.331,-0.345
-2.875,1.802,-2.062,-1.231
-2.612,1.278,-2.101,0.307
-1.576,0.334,-0.447,0.073
-2.957,1.004,0.602,-1.006
-3.416,-0.107,-5.659,-1.517
-3.858,0.602,2.240,-1.023
-1.753,1.407,-1.716,-0.575
-0.182,-0.042,0.349,0.546
-2.673,2.613,-4.504,0.298
-3.712,2.428,-1.162,1.290
-3.372,1.838,0.381,-0.816
-4.675,1.457,-2.714,-0.044
-1.011,-0.465,-4.586,0.526
-1.898,1.562,-1.616,0.078
-3.254,0.260,-0.422,-1.289
-4.645,1.047,-2.901,-2.368
-1.886,0.793,1.892,1.009
-3.086,1.389,1.293,0.921
-2.119,0.383,-5.984,2.589
-0.823,1.481,-3.295,0.345
-2.218,-0.426,5.054,0.693
-3.154,1.554,1.460,1.372
-2.163,1.103,1.128,-0.864
-2.423,0.816,-0.101,-0.798
-1.254,0.643,-0.461,0.556
-3.100,2.033,-0.045,0.197
-2.983,1.155,-0.407,-1.029
-3.050,0.484,-5.345,-0.119
-4.944,0.832,0.252,0.772
-1.920,2.581,-0.271,0.789
-3.720,0.096,1.240,-0.262
-4.748,-0.420,-3.083,0.291
-2.468,0.614,0.690,-0.901
-3.773,-0.718,0.863,-1.334
-3.115,0.497,-0.417,-0.107
-3.827,1.518,-3.955,-2.250
-4.126,1.457,3.551,-0.209
-2.392,0.508,1.843,-1.075
-4.184,-0.333,2.248,0.047
-4.195,1.447,-4.298,-1.197
-3.406,1.941,0.893,-0.870
-3.007,0.975,-1.591,0.564
-2.946,-0.087,-2.529,1.099
-1.316,0.936,0.128,0.194
-1.855,-1.340,-0.244,-0.250
-1.759,2.036,3.542,0.050
-2.744,-0.111,-3.059,1.133
-2.599,1.543,0.206,-0.101
-1.043,1.741,-1.925,-0.791
-2.305,1.622,-9.102,0.728
-3.620,0.488,0.414,2.610
-2.136,-0.353,0.726,0.215
-1.180,0.505,-2.356,-0.068
-1.626,-1.196,2.748,-1.755
-2.481,1.049,-0.145,-0.370
-2.171,0.404,-4.604,1.149
-3.507,1.006,-1.341,-1.620
-3.792,1.372,-1.067,-0.210
-4.616,0.657,-3.857,-2.861
-3.628,-0.724,-1.550,-1.053
-3.466,2.283,-0.989,-0.342
-2.068,0.372,-2.628,1.271
-1.797,1.016,0.710,0.893
-3.027,1.346,1.241,0.715
-3.160,1.787,2.504,-0.832
-4.184,1.182,-3.033,-0.197
-3.442,1.489,-0.254,-2.220
-4.145,2.028,2.310,0.668
-3.429,0.518,5.443,1.392
-2.862,1.004,0.684,0.479
-4.510,0.340,1.436,-0.241
-3.584,2.172,1.832,-0.070
-2.047,3.013,0.275,1.917
-2.646,-0.517,1.139,0.358
-1.000,0.010,-4.550,-0.708
-3.294,1.410,5.234,0.466
-3.866,0.264,-1.781,1.224
-3.217,0.517,-3.399,0.234
-4.148,1.803,-3.335,-0.964
-3.098,1.480,1.101,0.068
-1.806,-0.061,0.600,0.330
-2.896,-0.161,3.769,0.854
-4.308,1.318,0.140,-2.024
-3.212,0.104,-0.365,-0.430
-3.104,1.377,-5.033,-0.097
-2.638,0.357,-3.602,-2.049
-3.463,-0.992,1.281,-1.381
-3.817,0.772,3.789,2.519
-4.423,0.921,-0.151,-0.379
-4.405,2.139,0.661,-1.925
-4.131,1.375,-4.125,-0.339
-2.190,-0.371,1.382,0.340
-3.155,-0.028,3.899,0.358
-3.251,2.027,1.686,-3.129
-2.914,2.601,-3.161,0.001
-2.150,0.531,-0.787,-0.252
-0.884,1.662,-3.748,-0.495
-3.932,-0.283,-3.502,-1.121
-3.316,0.784,3.340,-1.191
-3.574,0.309,-7.248,1.208
-3.852,0.615,4.156,1.594
-3.712,0.500,1.199,0.659
-2.359,0.936,-3.723,0.398
-3.546,1.488,0.767,0.270
-2.251,-0.885,-0.079,-0.560
-2.673,0.945,0.087,-0.418
-1.303,0.819,-4.455,-0.004
-1.944,1.161,3.014,0.388
-2.291,2.452,-3.781,0.917
-4.284,1.823,-1.268,-0.745
-2.558,1.934,3.558,-1.135
-1.924,-1.102,0.080,1.023
-3.872,1.505,-2.081,-0.520
-3.805,-1.089,-1.018,-0.992
-3.973,2.148,-1.279,2.174
-2.305,2.366,3.771,-0.343
-0.275,-0.135,-1.538,0.353
-3.225,-0.249,0.240,0.791
-3.949,0.601,2.678,-0.869
-3.287,0.348,1.080,0.724
-3.187,0.411,3.909,0.906
-2.565,-0.983,3.761,0.099
-2.928,-0.175,-0.303,-0.154
-2.899,0.676,0.457,-0.213
-3.413,1.205,3.086,-0.146
-3.392,1.076,1.736,-0.051
-3.284,0.865,-5.487,0.996
-2.081,2.057,-5.513,0.602
-2.746,1.566,3.317,-0.438
-3.323,-1.172,-3.191,-1.973
-1.707,0.777,2.900,-1.566
-3.506,1.616,2.001,-0.383
-2.521,1.293,-0.048,-0.622
-2.572,1.994,0.873,-1.242
-2.894,-1.731,7.665,0.412
-2.532,1.608,0.126,0.070
-4.603,0.750,3.149,0.538
-3.321,0.069,-2.774,1.614
-0.649,3.102,-1.022,1.341
-3.875,0.437,2.414,-1.110
-2.523,0.010,-1.155,-0.482
-3.359,0.986,0.074,-1.038
-3.340,-1.412,-3.900,1.065
-2.045,-0.210,0.917,-0.156
-3.006,-0.051,2.013,1.309
-3.686,0.811,-3.405,0.628
-1.982,1.900,0.658,-0.830
-2.979,0.491,-1.963,-0.883
-2.197,1.597,1.742,1.712
-2.652,1.391,0.357,0.253
-2.315,1.596,7.045,-0.874
-2.147,1.496,0.019,-1.775
-3.775,1.622,-0.292,0.429
-2.759,1.669,-1.878,-0.379
-4.427,1.257,4.792,-0.533
-3.376,1.921,-0.374,-0.794
-1.897,2.650,-0.553,2.132
-2.774,1.180,-1.068,0.248
-2.394,-0.831,-1.700,1.262
-3.574,1.335,2.836,0.216
-2.367,1.845,-0.762,-0.014
-3.593,-0.325,-1.779,-0.336
-2.048,0.790,2.187,-1.021
-4.649,2.511,-0.202,1.270
-4.319,2.383,-3.647,1.692
-1.923,1.210,3.257,-0.138
-2.436,2.186,-0.256,-0.813
-2.445,0.118,-1.055,-0.470
-1.888,2.559,-4.395,-1.286
-3.243,-0.043,1.446,-1.959
-2.004,1.917,-0.299,-0.337
-2.455,1.735,-0.544,0.108
-1.290,0.727,-1.152,-0.393
-3.417,1.775,-0.212,0.806
-4.437,2.275,2.069,2.319
-4.407,1.791,-3.448,0.041
-2.655,1.514,1.117,0.161
-4.374,2.283,-0.971,0.763
-3.331,-0.258,-1.959,-0.637
-2.113,1.811,-0.248,0.237
-3.811,1.375,-1.139,-0.939
-3.676,1.815,6.285,-0.392
-5.203,2.668,1.053,0.981
-1.458,3.632,2.318,0.571
-2.930,-1.442,-1.790,0.446
-3.929,1.674,-0.402,1.467
-3.173,-0.038,-0.580,-0.560
-3.303,2.011,2.054,0.395
-4.437,0.051,3.833,2.741
-2.929,1.104,0.710,0.262
-2.003,-0.064,2.192,-1.680
-4.537,2.367,-1.686,-1.588
-3.018,0.627,-2.532,-1.927
-3.652,1.324,4.389,0.383
-4.582,1.573,3.263,-0.564
-3.496,0.109,-3.127,1.346
-2.861,1.159,-0.395,0.007
-3.015,1.149,-1.659,0.631
-2.657,-1.104,-2.028,-0.225
-3.487,2.438,-6.125,2.006
-4.462,0.252,1.129,-0.872
-1.407,-0.605,2.555,-0.494
-1.789,0.288,2.138,0.531
-3.650,1.720,-2.467,-0.677
-2.972,2.128,0.748,0.872
-3.005,1.628,3.930,1.823
-4.687,0.777,0.936,0.965
-5.077,2.304,-1.955,1.092
-2.128,1.880,1.839,-1.266
-2.112,3.055,3.125,0.190
-2.572,0.797,0.823,-0.363
-3.671,-0.387,0.676,-1.209
-0.957,-0.003,1.235,0.966
-2.418,1.356,1.161,-2.130
-4.938,-0.317,-1.775,-0.143
-3.682,0.248,2.238,0.500
-3.400,0.508,4.547,-2.046
-3.008,2.224,-0.030,1.031
-4.604,-0.026,-7.819,0.173
-3.035,1.821,4.636,-0.736
-2.294,1.281,0.149,-1.245
-1.116,0.932,2.364,-1.910
-4.894,0.730,-1.434,-1.171
-2.768,0.619,-2.569,1.797
-2.849,-0.482,0.573,-0.306
-2.556,0.995,-2.077,0.965
-2.900,1.109,0.434,0.474
-3.762,0.345,0.555,-2.310
-1.771,1.191,0.188,-0.012
-3.612,1.595,2.456,-1.712
-2.761,-0.108,3.456,0.366
-3.492,0.861,0.019,-0.463
-3.203,0.927,-1.335,0.530
-3.663,3.665,4.650,-0.649
-2.511,-1.041,-0.876,0.027
-2.210,0.867,-1.333,-1.059
-2.099,3.007,0.486,0.949
-2.600,1.715,0.598,-0.705
-2.809,2.018,-2.634,-2.425
-2.088,2.157,-3.747,-0.701
-4.217,-0.044,1.347,0.696
-2.731,-0.800,-0.400,-0.358
-4.878,1.317,-0.891,1.252
-4.309,1.800,0.633,-1.647
-3.758,1.097,-1.326,-0.013
-2.655,1.136,-3.502,-1.285
-4.463,-0.938,1.091,2.725
-4.508,1.005,-2.907,-0.199
-3.451,1.541,-3.510,-1.317
-3.684,-0.253,1.561,-0.538
-2.108,-0.562,-0.349,-0.491
-2.082,0.965,-2.570,1.148
-3.501,0.604,-4.814,-0.563
-2.475,-0.324,1.314,-1.791
-1.015,0.667,-3.134,1.248
-4.195,-0.809,1.773,-1.039
-3.339,1.288,5.115,-0.449
-3.783,0.478,-1.627,1.155
-4.353,0.431,1.746,-0.555
-1.671,1.155,3.985,-0.689
-2.564,2.826,-3.143,-0.030
-3.079,2.469,1.779,-1.000
-2.386,1.094,-2.071,0.930
-4.065,1.767,-0.710,1.358
-2.741,0.108,-0.112,-0.051
-2.420,0.176,0.720,-0.392
-3.287,1.390,-1.530,0.605
-3.196,0.141,0.481,0.052
-3.494,-1.372,-1.638,0.007
-4.144,1.592,-0.513,1.096
-2.743,1.965,1.683,-0.200
-2.096,0.329,-0.193,-0.767
-3.990,1.771,5.183,0.475
-3.701,1.050,1.064,-0.946
-3.218,2.188,0.606,-0.531
-1.229,0.809,3.161,0.187
-4.958,0.385,1.892,-0.512
-2.545,1.152,5.819,0.517
-3.613,0.485,-0.271,0.140
-3.276,1.036,2.672,-0.367
-3.362,2.064,-2.761,-0.753
-4.355,1.387,4.996,-0.624
-2.680,0.764,4.964,-0.063
-4.312,0.894,-1.806,-2.135
-1.174,1.443,-2.029,0.027
-2.782,0.806,-0.185,1.106
-3.712,1.481,-0.992,-0.485
-3.015,0.704,-1.974,1.432
-2.509,0.543,2.023,-0.148
-3.154,1.402,-0.747,0.310
-3.483,1.881,1.258,-0.232
-3.394,1.954,3.108,1.795
-2.879,2.341,-4.188,-2.137
-4.751,2.029,-4.424,-1.776
-1.354,1.126,-1.895,-1.147
-5.890,0.722,2.464,-1.307
-2.460,1.728,-4.847,-0.068
-0.662,1.043,-0.107,-0.711
-2.148,0.215,4.455,1.966
-2.455,2.076,1.332,-0.411
-1.443,0.909,1.170,1.291
-1.404,0.525,-2.215,-0.783
-2.695,1.365,-0.794,0.897
-1.715,2.538,-5.686,0.870
-3.993,2.223,0.617,0.818
-3.997,0.813,-3.568,0.385
-2.644,1.368,-0.792,-0.739
-2.585,2.129,0.814,-0.446
-3.265,0.953,-1.496,0.248
-4.715,0.288,-0.709,0.360
-2.189,3.690,-2.902,-0.314
-3.180,1.377,0.769,-0.039
-3.994,1.069,-1.920,2.075
-2.361,1.893,-2.860,-0.274
-4.071,-0.291,1.757,-0.286
-2.454,0.930,1.340,-1.781
-3.770,0.574,4.396,0.929
-2.713,-2.064,-3.421,-0.821
-1.864,2.704,-0.148,-0.899
-3.934,-0.319,-2.095,-0.441
-4.292,0.477,-1.007,1.097
-4.229,0.763,2.644,0.403
-1.991,0.389,-3.087,0.647
-4.301,0.952,-1.379,-0.664
-1.367,0.381,2.500,-0.588
-2.615,3.263,-1.539,-0.516
-2.865,0.712,-1.638,-0.209
-3.762,-0.946,-1.929,-0.303
-4.612,-0.508,-0.741,-0.950
-5.234,0.530,-0.066,-0.583
-5.129,2.711,-0.873,-0.516
-3.874,0.411,3.944,-2.504
-2.965,2.018,0.051,1.981
-3.112,-0.259,-6.228,1.299
-3.180,0.529,-4.190,-0.503
-3.389,0.781,6.516,0.073
-1.857,0.689,-4.177,1.718
-2.202,2.379,-0.587,0.517
-3.484,-0.855,2.023,-0.047
-1.525,0.785,-2.989,-0.562
-1.948,2.246,-0.310,0.188
-2.808,0.488,-2.215,0.812
-2.042,1.443,3.572,0.184
-3.238,0.459,-0.709,0.168
-3.262,0.867,5.258,-0.859
-4.635,0.655,-4.945,0.123
-2.205,1.579,1.002,2.136
-2.855,1.605,-3.558,-1.716
-3.587,1.878,2.958,-0.099
-4.214,0.769,-0.315,-0.649
-3.426,1.184,0.235,1.274
-4.226,1.154,2.473,0.598
-2.171,-0.074,-3.599,0.271
-4.376,0.849,-0.961,-2.375
-2.706,0.364,0.206,1.601
-1.785,0.343,-1.101,0.048
-2.471,1.060,3.591,0.685
-3.399,1.630,-0.857,0.901
-4.534,1.034,-3.476,1.168
-2.921,0.332,0.428,0.821
-2.568,2.659,2.048,-1.534
-3.404,-0.098,2.550,1.316
-2.567,-0.378,1.780,-0.164
-4.624,0.115,7.030,1.004
-4.038,0.856,5.177,1.041
-3.149,-0.109,2.125,0.960
-3.507,1.228,-1.395,-1.844
-4.974,1.357,2.246,0.063
-2.720,0.606,0.914,-0.040
-2.190,-0.374,-1.318,0.778
0.195,0.913,0.598,-1.433
-2.726,-0.608,6.462,-1.000
-1.717,2.725,-0.621,-0.112
-4.254,0.745,0.024,0.205
-4.088,2.596,-1.507,-0.961
-2.261,0.402,-1.439,1.455
-2.979,-0.606,-2.055,1.821
-1.930,1.739,-4.498,1.122
-3.089,0.683,-3.171,2.095
-3.055,0.527,1.890,0.370
-3.937,-0.501,0.543,-0.371
-3.022,1.447,0.314,0.578
-1.727,1.459,-1.744,0.396
-1.522,0.877,3.526,1.020
-3.199,2.420,2.720,-0.240
-1.995,-0.289,-0.733,0.257
-3.419,0.188,-3.345,-0.615
-2.105,2.153,-1.857,1.766
-4.735,0.852,3.379,2.776
-2.308,0.418,-0.614,-0.586
-3.344,1.579,-0.215,-1.885
-3.085,0.696,-0.898,0.461
-3.360,0.724,-7.274,1.092
-2.014,-0.645,-4.323,-0.722
-5.146,1.586,0.344,2.133
-2.537,0.081,-5.098,0.291
-4.585,0.449,-4.629,-0.104
-2.842,2.054,-3.917,1.703
-4.078,2.074,0.991,-1.544
-1.890,1.393,-4.040,0.911
-3.515,1.909,1.687,-0.975
-2.920,0.480,1.672,0.361
-2.050,1.146,2.630,0.140
-3.766,-0.240,-0.692,1.428
-4.602,0.400,0.809,0.109
-3.481,0.092,2.219,-0.006
-4.320,0.778,2.020,0.672
-2.358,0.878,-3.207,0.253
-3.046,0.033,0.375,-0.359
-0.970,-1.317,2.909,-0.607
-3.878,0.044,2.719,-0.216
-1.706,1.001,1.808,-1.068
-1.727,1.439,1.731,0.775
-3.521,0.597,4.847,-0.156
-3.039,1.942,3.643,-0.209
-2.922,1.330,-0.678,-0.841
-4.005,1.337,1.675,0.697
-1.784,1.597,1.000,-1.401
-3.516,0.864,-0.216,0.725
-4.404,-0.513,0.469,0.137
-2.323,0.447,3.778,-0.694
-2.066,2.220,-0.688,0.250
-3.899,1.544,4.180,-0.136
-1.805,1.256,0.549,-2.155
-0.828,2.593,2.760,1.024
-1.890,1.139,1.634,-2.063
-3.052,1.583,-2.539,1.729
-2.590,3.462,1.315,0.196
-2.816,0.430,2.927,1.626
-3.587,2.205,-1.046,1.259
-3.032,0.682,-0.487,0.331
-5.049,0.770,-4.092,-1.239
-3.471,0.980,4.836,-0.340
-3.862,0.834,-0.025,1.147
-3.745,1.550,2.759,0.476
-4.085,0.699,1.763,0.505
-3.864,0.885,5.315,-0.458
-3.927,-0.570,3.245,1.417
-3.025,2.211,2.164,-1.971
-2.871,1.134,-5.437,0.843
-3.049,2.226,-3.503,-1.225
-1.871,1.228,5.879,-0.319
-2.232,0.217,-2.943,0.257
-2.651,1.013,-0.592,1.093
-3.480,0.130,-0.008,2.200
-3.152,1.944,0.652,-1.150
-3.913,-0.289,0.306,-0.098
-4.894,1.847,-3.658,-0.759
-2.060,1.424,-2.097,-1.261
-4.736,-0.644,1.629,0.508
-3.998,1.673,0.439,0.632
-4.600,2.128,-4.439,-1.013
-2.508,3.081,0.457,0.921
-4.229,0.465,-5.387,-0.124
-3.058,0.821,-2.490,-0.218
-3.866,0.526,3.224,-1.864
-1.698,1.826,-3.812,-0.373
-4.183,-0.213,-1.453,1.078
-2.997,0.618,0.309,-0.111
-2.337,1.126,1.467,0.717
-2.203,0.579,1.643,-1.178
-2.131,1.405,-2.188,-1.558
-2.656,1.479,0.245,-0.954
-4.079,2.202,-1.515,0.288
-2.876,0.790,-0.991,0.135
-5.481,1.891,-5.045,0.680
-1.785,1.080,6.427,0.469
-3.560,1.826,-0.258,1.287
-3.763,1.341,0.584,0.873
-5.524,-0.901,-1.855,0.623
-3.990,0.286,1.232,-0.067
-0.986,1.612,2.831,-0.718
-2.354,-0.719,0.662,0.659
-5.454,-0.008,-1.304,-0.080
-3.619,1.137,1.947,-0.696
-1.978,-1.050,-2.019,1.377
-2.466,1.778,-0.614,0.162
-4.241,3.072,0.106,1.131
-4.038,0.955,0.215,1.542
-2.148,0.412,4.143,-0.978
-2.753,1.620,1.816,0.201
-4.314,0.007,-5.586,-0.258
-3.311,3.030,2.645,-0.248
-2.359,-0.779,-0.555,-1.077
-2.846,0.114,4.887,0.878
-1.250,2.058,2.015,-0.230
-2.624,1.883,0.643,2.817
-4.129,-0.386,-1.814,-0.559
-1.834,2.337,-0.149,0.742
-0.350,1.678,-1.387,-1.576
-4.212,0.727,-1.014,-0.589
-3.381,-0.393,1.701,-0.637
-2.566,2.263,-2.933,1.063
-1.949,2.445,2.395,-1.353
-4.694,-1.575,2.777,-1.374
-2.531,1.755,-4.374,0.057
-3.619,1.240,2.343,1.019
-2.349,0.605,1.818,1.128
-4.850,0.443,0.720,1.705
-2.351,-0.388,-4.070,-0.473
-1.463,-1.017,1.097,0.141
-3.372,0.889,-3.390,1.052
-3.423,1.002,-3.937,0.827
-3.633,1.707,3.567,-0.589
-3.108,1.963,0.217,-0.242
-1.868,3.506,-0.868,0.922
-3.612,1.408,-1.553,0.738
-1.996,1.926,0.795,0.671
-3.947,0.911,2.602,-0.205
-3.044,3.049,-3.262,0.993
-1.828,0.563,-0.707,0.647
-3.108,-0.320,0.604,-0.844
-3.123,1.413,4.898,0.023
-4.036,1.276,-1.964,-1.031
-2.480,1.843,-0.164,0.562
-0.951,0.406,0.181,-1.662
-0.098,1.699,1.209,0.289
-4.152,-0.377,0.445,-0.498
-2.411,1.662,4.320,0.672
-4.202,1.878,1.519,0.434
-2.625,0.590,1.579,-1.010
-3.184,1.665,2.268,2.918
-2.532,0.020,-1.620,1.094
-2.056,1.182,-0.857,-1.045
-1.692,1.526,3.665,2.400
-2.515,1.897,-2.921,0.830
-1.727,1.017,-5.903,-0.982
-5.686,0.145,-3.064,1.544
-2.938,1.210,-6.832,-0.518
-2.974,0.905,1.477,1.095
-2.311,2.370,-0.341,0.121
-2.872,0.715,2.126,1.443
-2.494,0.607,5.937,0.142
-2.722,1.114,1.570,1.832
-1.279,1.031,7.676,-0.445
-2.048,0.433,-0.359,-1.325
-5.107,0.527,1.796,0.237
-3.552,0.188,1.289,0.151
-3.002,2.215,3.745,-0.333
-1.796,1.381,-7.359,1.047
-3.706,1.972,2.992,2.913
-2.775,0.978,-6.009,-1.864
-2.187,0.996,-1.780,-0.706
-3.576,0.923,-1.330,0.552
-1.619,1.035,-5.051,-0.650
-2.127,-0.406,3.024,-1.273
-2.537,0.077,-2.347,0.846
-4.034,-1.086,4.148,0.541
-2.233,1.622,-0.229,0.225
-3.474,-1.355,-2.635,-1.798
-2.830,0.873,-1.965,-0.529
-2.952,0.736,1.021,0.428
-5.989,1.147,-1.209,-1.418
-2.109,1.790,-3.132,0.226
-2.815,1.257,-2.705,0.342
-4.673,2.409,4.256,1.091
-3.341,0.765,0.244,-0.845
-1.834,1.829,-1.952,-0.472
-2.003,2.303,0.520,-1.011
-5.287,1.441,1.757,-1.194
-2.276,0.304,-1.602,-0.632
-3.838,2.118,-0.456,1.422
-1.176,2.969,-2.124,-0.839
-3.240,0.171,-3.059,0.826
-1.243,0.849,-0.457,-0.793
-2.159,1.159,-1.486,-0.252
-2.912,-0.277,2.625,-1.054
-2.530,-0.326,-0.737,-0.753
-2.705,1.722,2.251,-0.554
-3.139,1.004,-0.631,-0.739
-1.533,1.797,-0.896,-0.553
-2.653,1.416,-1.148,0.505
-1.070,0.173,1.114,-0.651
-2.584,1.399,4.529,0.643
-2.240,2.445,-1.612,-1.875
-1.620,0.301,-0.684,-1.628
-3.820,1.100,-2.795,-2.096
-2.096,1.414,3.191,0.558
-2.392,0.587,-2.434,0.148
-3.443,1.375,4.184,-0.530
-4.539,0.761,-0.407,-1.193
-3.771,1.421,-0.742,-1.054
-3.881,0.293,6.676,-0.798
-3.064,1.928,2.180,-1.629
-3.151,2.183,-2.415,0.650
-2.348,2.412,8.569,0.941
-2.366,-0.531,-2.839,-1.393
-3.534,-0.002,-1.844,-0.376
-2.597,0.489,5.114,-0.002
-3.446,-0.069,1.558,-2.135
-3.130,1.599,0.873,-1.838
-2.935,1.933,-0.657,0.173
-4.085,0.675,1.030,0.073
-2.948,0.798,-0.469,-0.858
-1.366,3.769,-3.312,0.262
-2.718,0.751,4.766,-0.385
-3.584,1.452,1.671,0.384
-3.283,2.537,0.694,0.187
-4.445,0.954,2.094,0.194
-4.297,0.722,-2.150,-0.852
-1.299,0.733,1.067,-1.119
-4.214,-0.475,-1.981,0.310
-4.451,0.490,-0.144,0.673
-1.814,-0.130,0.097,0.501
-3.436,3.060,-0.146,-1.310
-2.405,3.004,-3.385,-1.112
-2.229,-0.420,5.033,-0.947
-2.701,1.593,0.669,1.372
-2.658,0.644,1.391,1.351
-1.184,1.617,4.349,-0.410
-4.385,-0.129,-1.709,0.517
-1.924,1.274,5.421,-0.665
-2.837,-0.052,0.750,-0.183
-2.078,1.815,3.416,-0.522
-2.622,-1.042,1.253,-0.589
-3.485,1.442,4.621,-0.311
-2.620,2.015,-6.357,2.474
-4.027,0.270,-1.303,1.948
-2.481,0.167,1.975,-0.082
-2.369,0.517,4.588,-2.279
-2.142,1.822,0.544,-2.317
-4.225,1.342,5.129,-0.389
-3.228,1.709,-3.035,-2.036
-3.878,0.744,-3.415,-1.218
-2.991,-0.457,5.140,0.415
-1.558,0.076,-4.224,-0.215
-4.633,-0.910,2.463,0.222
-2.552,0.946,0.949,1.572
-4.154,0.680,-0.538,-1.458
-3.913,1.582,-2.051,0.371
-2.429,-0.005,-1.366,0.374
-4.698,1.856,0.450,0.975
-2.381,1.808,-5.571,0.064
-3.550,1.185,-2.036,1.817
-2.358,0.843,0.704,1.233
-2.870,0.306,-3.460,1.677
-3.272,0.695,-3.718,-1.860
-2.779,1.515,0.511,-0.274
-3.004,1.466,-2.674,-1.035
-2.545,0.630,0.604,0.197
-4.069,1.373,-0.119,-1.359
-2.629,1.100,-0.917,-0.628
-2.851,-1.347,6.316,1.127
-3.366,0.896,0.605,-0.309
-4.025,1.513,-1.598,0.564
-3.857,1.317,2.068,0.657
-3.518,0.988,2.069,0.441
-1.925,1.082,2.973,1.684
-3.430,0.992,-0.051,-0.215
-3.611,1.917,-5.224,-0.382
-3.847,2.770,2.110,0.243
-2.694,1.529,5.781,-0.401
-2.104,1.292,-3.728,-0.250
-2.361,0.626,-7.865,0.144
-4.401,0.242,-1.320,-0.664
-1.420,1.163,4.552,-0.629
-4.179,1.553,4.968,-0.019
-5.397,2.076,-0.914,0.221
-2.277,0.729,-3.218,0.379
-2.982,0.155,3.338,0.300
-2.485,0.682,-1.063,0.143
-2.997,1.212,5.115,-0.962
-4.280,1.906,5.164,-1.813
-1.757,1.409,0.885,1.292
-3.088,0.961,-1.234,-0.110
-4.559,0.811,1.828,-0.898
-4.405,2.295,0.762,0.685
-3.331,1.307,-2.885,-0.350
-2.596,1.600,0.505,-1.072
-2.600,1.486,-0.195,1.319
-3.371,0.486,0.967,1.540
-3.927,1.885,-1.909,-0.410
-3.308,0.083,1.016,-0.607
-3.942,1.037,4.293,0.964
-2.029,1.780,-0.191,-1.368
-3.914,2.115,5.100,-0.985
-2.876,1.933,3.851,1.026
-1.075,1.105,-0.754,-0.607
-3.901,1.122,-5.641,0.413
-2.607,1.302,-0.006,-1.414
-1.780,2.264,0.284,1.523
-1.333,2.457,2.074,2.376
-1.323,0.482,0.652,1.463
-2.086,0.223,2.380,1.154
-4.166,0.895,-0.383,-0.219
-1.262,3.741,-2.117,-1.073
-0.472,-0.426,1.020,0.225
-3.233,0.858,0.711,2.059
-2.640,0.257,-1.167,0.255
6.069,1.002,-3.893,-0.172
8.714,0.370,-0.553,1.017
2.075,-1.104,-1.016,-0.271
7.044,1.515,-4.207,0.609
5.585,-0.778,3.859,0.090
-1.339,-1.614,0.519,0.723
6.719,-0.409,2.196,-0.284
3.796,-2.059,-1.021,0.005
7.291,1.132,0.343,0.149
8.954,1.528,5.560,0.238
-1.161,-0.321,-3.474,-1.527
2.680,0.238,1.349,0.067
3.126,-2.306,3.694,-0.451
4.124,-2.527,-7.140,1.094
6.203,0.779,2.801,0.574
5.213,-0.842,3.555,-1.142
8.605,1.615,4.179,0.479
8.347,-0.815,6.887,1.322
1.875,-0.314,3.416,-0.848
7.585,1.594,-1.745,-0.158
5.215,0.318,1.804,-0.030
0.895,-0.626,0.943,0.036
3.032,1.495,-4.393,0.310
-2.074,-1.915,6.587,0.795
8.164,0.521,6.366,-0.897
7.715,0.437,1.734,-1.415
2.573,-1.420,-1.100,-0.750
5.977,0.447,3.926,-0.397
4.334,-0.827,-1.307,2.194
-0.154,-1.284,3.539,-0.192
0.929,-1.121,-3.774,-1.271
2.834,-0.307,2.389,-2.077
4.310,-0.628,0.909,0.835
3.276,0.782,0.680,0.803
2.828,-2.041,1.530,0.067
7.851,1.496,0.783,0.152
2.277,-2.754,0.082,0.371
6.851,0.279,6.130,-0.807
4.601,1.291,0.823,1.437
2.192,-1.010,-0.400,1.040
2.623,-1.755,-6.547,-0.146
2.912,-1.735,-1.465,0.133
3.351,-1.351,-2.670,0.943
1.369,-2.590,2.016,0.794
11.992,2.874,3.067,-0.262
7.843,0.307,-0.079,0.723
9.190,1.882,-2.081,-0.865
5.783,1.465,-1.462,0.175
1.480,-0.735,-1.831,1.088
10.794,3.531,-1.482,-0.716
-1.698,-2.249,-1.691,-1.425
1.598,-1.276,-0.125,2.207
2.658,-1.445,2.238,-1.510
-0.406,-2.448,4.579,1.304
7.109,0.351,-4.999,-1.195
-0.268,-0.279,3.521,0.354
7.567,1.733,-1.992,1.122
7.552,-0.195,3.928,0.949
7.163,2.650,3.260,0.629
5.304,0.776,-2.940,0.101
1.871,0.228,-2.408,-1.099
6.210,1.789,0.082,-0.049
8.818,1.307,1.077,-1.394
2.737,-0.970,-2.397,0.284
1.312,-1.646,0.727,-0.503
4.685,1.367,5.899,-0.039
4.253,0.572,-6.238,0.171
3.571,-2.271,-1.514,0.472
7.008,2.180,-0.513,0.087
1.057,-1.814,2.839,0.339
10.058,3.140,-2.879,0.799
6.908,-0.392,-0.524,-0.970
5.735,1.059,-5.029,-1.919
5.988,0.727,-0.300,1.298
3.558,-0.492,0.386,0.602
4.867,-0.130,1.987,1.192
4.212,0.942,2.388,-0.851
3.810,0.622,3.594,0.558
4.551,-0.891,1.742,0.153
13.289,2.877,2.623,-0.887
7.989,2.884,3.334,0.646
5.889,-1.315,-0.372,0.172
7.711,1.238,-2.488,0.531
3.777,-1.018,2.918,-1.091
3.568,-0.313,2.096,-1.587
3.903,0.306,3.501,-1.065
7.599,0.097,0.780,1.650
2.080,-0.950,3.085,-0.270
6.681,0.416,-5.283,-0.210
3.016,-0.854,-1.183,0.455
5.852,0.109,-1.150,0.333
7.360,1.146,0.473,-0.081
11.033,2.062,-0.514,-1.110
4.031,3.165,0.379,0.598
8.295,1.774,2.054,0.817
7.333,3.135,-2.456,-0.330
0.737,-2.654,-6.089,1.066
7.937,2.514,2.239,-0.387
3.230,-1.290,-0.442,1.306
1.904,-0.083,-2.686,-1.654
7.421,1.837,5.309,1.184
5.846,-0.637,-2.173,0.446
4.343,-0.673,-1.208,0.957
2.545,-1.461,0.009,-0.255
4.656,0.656,4.434,-0.002
3.472,-1.470,2.415,-0.453
3.378,-2.218,1.347,0.583
5.232,0.844,-0.456,-0.335
0.683,-0.960,-3.174,0.092
8.108,0.806,4.641,-0.527
3.592,-0.055,1.541,-0.107
-0.633,-0.651,-1.265,-0.843
4.220,-1.969,-6.406,-0.551
11.804,2.996,-2.066,-1.498
10.515,2.767,0.733,-0.091
5.818,-0.490,1.329,-0.861
3.761,-1.097,-1.287,0.821
4.587,-0.620,3.408,0.843
3.274,1.338,-0.630,0.489
6.333,2.510,5.583,-1.747
1.784,-2.685,-2.257,0.563
5.095,-0.063,0.169,1.743
0.469,-1.856,-2.069,-0.853
3.849,-1.818,-1.886,-0.074
3.721,-0.442,-0.289,1.623
6.376,-0.407,-2.724,1.165
5.770,0.428,-1.622,-0.976
8.086,-0.096,2.490,-0.241
7.973,0.431,3.914,-0.307
7.072,0.086,-0.036,-0.477
4.227,-1.534,0.285,0.198
4.272,0.293,-1.032,-0.034
7.100,-0.453,-3.147,-0.460
-3.324,-4.242,-1.431,-1.027
5.666,-1.427,4.319,-0.452
12.308,3.918,0.740,1.803
3.060,-1.615,0.715,0.130
1.167,-1.624,3.991,0.119
4.856,-0.442,-2.729,-0.688
1.463,-2.293,-2.264,0.564
3.711,-0.769,-0.947,-1.204
6.826,0.906,-0.455,1.063
7.417,0.661,-0.320,0.111
7.743,-1.045,-1.492,-0.281
5.155,0.323,0.250,0.436
4.721,-1.079,0.447,1.132
1.909,-1.321,3.184,-0.215
8.268,1.285,-0.576,-0.128
8.118,3.671,1.475,1.409
5.662,1.011,-1.781,-1.526
3.639,-2.341,-2.044,0.215
5.719,0.790,-1.639,-0.818
5.554,0.382,1.124,0.015
5.076,-0.477,-0.823,0.992
1.413,-0.706,3.647,-0.734
2.660,-1.183,-3.258,-0.946
7.356,-0.082,1.666,-0.655
8.808,-0.339,3.689,1.020
10.052,1.073,4.698,-0.033
4.105,-0.267,4.008,0.547
2.029,-1.459,-0.399,0.907
2.693,-1.906,2.617,-0.284
6.120,-0.290,-2.479,-0.398
7.979,-0.357,-2.660,0.099
5.988,1.060,1.792,0.226
10.125,4.271,3.585,-0.303
7.787,0.310,1.984,0.704
9.096,2.781,-0.657,2.569
0.836,-2.563,3.535,0.440
3.424,-1.718,-0.420,0.213
1.775,-1.972,-0.784,-0.862
4.752,-1.016,-1.588,1.159
7.730,1.943,-4.733,1.110
3.500,-0.907,0.772,-0.458
6.867,2.040,-3.209,0.682
3.390,0.217,0.571,0.719
3.525,-2.103,1.606,-2.416
8.098,1.302,0.286,1.515
8.555,-0.331,-2.535,-1.312
10.022,2.601,3.078,1.452
3.926,-1.141,-1.999,-0.350
5.328,0.280,1.708,1.269
0.874,-1.346,-2.633,2.185
3.564,-0.788,-2.007,0.187
3.422,-2.394,0.296,0.573
2.228,-0.068,-0.248,-0.334
4.161,0.902,-2.179,0.865
3.243,-0.713,1.003,0.146
5.910,0.304,2.443,0.453
4.515,-1.267,-4.425,-3.056
8.752,1.265,0.541,-0.855
3.804,-1.401,-0.436,1.182
6.691,-0.944,5.211,-2.602
6.168,-0.746,1.949,-1.837
8.710,2.239,-3.861,0.065
10.519,1.081,-3.662,-0.968
4.550,-1.440,1.964,1.426
6.323,-1.088,1.063,-0.593
5.612,0.036,3.038,-0.118
3.765,-0.848,-0.426,-0.724
5.858,1.291,-0.209,0.218
5.576,-0.751,3.405,-1.740
8.354,-1.097,2.104,0.972
-0.385,-1.257,4.731,0.818
-1.028,-2.943,6.482,0.295
1.441,-1.482,-1.746,0.009
4.207,-0.196,2.742,-0.143
4.001,0.011,1.025,1.059
6.317,-0.356,-3.146,0.005
2.213,-0.891,-2.472,-0.228
1.517,-0.291,-0.951,0.562
4.994,-1.504,2.283,0.218
8.286,-0.036,0.899,-0.123
6.958,0.723,-0.159,-1.159
5.224,-0.821,-0.964,0.401
8.994,1.921,2.777,-1.113
4.774,0.637,-3.785,0.513
1.313,-1.454,-1.904,-1.173
2.343,-0.585,-3.038,2.124
1.797,-1.107,5.383,-0.739
5.009,-0.776,1.958,0.168
2.941,-1.873,1.586,-0.532
4.231,0.403,-1.627,-0.558
1.624,-1.604,6.243,0.683
1.214,-2.017,-3.166,1.564
1.465,-2.386,3.424,1.361
-2.242,-2.058,2.579,-0.558
3.927,0.861,-0.750,-0.070
4.337,-1.374,0.688,-0.417
4.440,0.522,1.085,0.188
6.367,-0.224,-1.853,-0.804
5.634,1.257,-0.131,-1.372
6.213,0.914,1.623,0.558
4.634,0.661,0.709,-0.650
6.741,0.400,-0.397,-1.591
5.221,0.399,-2.454,-0.189
5.680,-0.499,0.146,-0.937
5.377,0.317,-0.042,1.969
6.092,-0.973,2.053,-0.504
5.664,0.483,-4.476,1.135
4.300,-1.019,2.039,0.014
5.559,0.929,-4.072,0.604
0.883,-1.449,2.007,-2.254
7.695,1.563,-1.593,0.938
4.260,-0.673,-3.260,-1.229
2.746,0.036,3.962,0.264
4.200,-0.259,-0.672,-0.889
5.956,1.095,-0.742,0.103
6.823,0.108,8.056,0.703
-0.917,-2.865,-2.542,0.675
6.259,0.448,-3.806,-1.375
1.838,-0.695,3.616,-0.113
10.699,1.765,0.220,0.580
6.943,0.987,4.013,1.508
4.196,-0.140,1.134,-2.109
2.304,0.464,2.869,0.058
5.256,0.192,3.323,0.137
4.334,0.765,2.158,0.108
4.499,0.794,2.679,-0.263
6.179,1.222,0.227,0.300
4.181,0.073,0.524,-0.596
4.170,-1.087,-1.618,1.116
-1.914,-3.970,3.768,-0.867
7.588,1.597,2.975,2.098
6.695,-0.104,-1.333,-0.722
-0.521,-2.788,-8.112,-0.867
6.335,0.535,1.864,-0.816
5.619,0.760,1.300,-0.895
4.849,0.147,-0.742,0.718
7.783,0.224,-2.719,-0.303
0.883,-0.977,2.189,0.509
5.301,-0.725,0.338,1.400
6.772,-0.134,2.241,0.609
12.622,1.296,-7.136,-1.501
5.137,0.116,-2.464,0.133
3.337,-0.429,3.261,0.330
5.101,-1.161,4.723,1.326
3.918,-1.674,-1.545,-0.038
3.228,-0.465,-1.253,0.005
2.980,-2.067,-1.796,-0.501
1.825,-3.380,0.566,0.025
5.265,0.363,-2.349,-1.331
7.255,1.831,-6.314,0.261
4.442,-0.594,1.961,-1.407
10.283,1.055,-3.894,-0.749
7.201,1.420,4.833,-0.998
4.792,2.271,4.099,-0.244
4.737,-0.370,-2.378,-0.338
3.954,-0.342,0.570,1.051
2.031,-0.693,4.286,-2.996
5.796,-0.977,-2.956,0.839
9.172,0.175,-2.566,1.010
7.976,1.941,3.959,0.653
1.957,-0.713,1.173,1.663
6.202,1.893,-1.200,-0.326
7.533,0.859,3.846,0.517
-0.875,-1.961,-1.648,1.242
3.216,0.485,-3.560,-0.871
6.722,-0.630,3.188,0.193
0.752,-1.416,-3.660,-1.649
0.431,-3.458,-1.995,-1.199
5.086,-0.673,0.435,2.075
10.384,1.546,2.958,1.133
10.676,1.188,0.508,-0.119
1.076,-2.398,-3.525,-0.650
7.130,0.571,2.925,0.295
3.245,-0.048,0.171,0.357
3.770,0.149,-0.852,-0.236
5.081,1.043,-0.879,-0.676
9.267,1.079,-0.826,-1.457
6.166,0.443,-2.254,-0.535
7.500,1.031,1.910,-2.806
5.653,1.855,-4.129,-0.656
5.213,-1.227,-0.814,-0.321
3.059,-1.329,4.064,-0.310
12.365,1.608,-0.033,1.465
8.369,2.148,-3.148,0.288
5.597,0.881,-1.910,-1.661
7.282,1.356,4.534,0.422
5.974,-0.907,1.611,0.180
-0.602,-2.653,4.404,-0.010
3.953,-0.221,-1.892,0.471
4.516,0.218,0.157,-0.874
2.607,-2.100,-4.578,0.829
2.661,-0.083,0.413,-0.529
5.503,-0.361,-0.254,-1.605
1.800,-0.372,3.153,-0.524
5.904,-0.235,-0.404,-0.784
8.316,1.110,-0.853,-0.345
2.445,-0.211,-0.199,-1.425
9.282,0.519,-1.502,-0.742
3.692,-0.820,-0.849,1.256
4.837,-0.850,2.278,0.725
4.903,-0.679,-5.975,0.080
2.638,-0.636,-2.239,-1.458
5.192,-0.398,1.359,-1.283
4.588,1.514,4.356,-0.318
5.336,-0.677,0.090,-0.210
3.629,0.415,-3.599,-1.188
2.020,-2.156,-0.296,0.116
-0.898,-2.929,2.460,-0.224
2.300,-0.269,-0.696,1.269
3.801,-1.548,-2.426,0.264
4.786,1.434,1.842,-0.122
0.380,-0.731,5.093,-0.033
4.437,-0.297,3.571,-0.080
9.502,4.690,0.121,-0.781
7.796,-1.010,-0.052,-1.233
6.957,0.970,1.193,-0.225
3.181,-0.341,0.326,1.763
4.876,0.882,1.827,-0.126
15.611,2.619,-2.782,0.916
2.919,-1.984,1.738,-0.284
5.336,1.604,-2.409,1.195
3.767,0.511,-1.730,0.992
-0.569,-1.339,-2.907,0.413
6.117,0.711,1.040,-0.394
5.800,-1.338,1.406,-1.528
7.983,0.015,-1.289,1.547
6.164,0.107,-2.360,-0.434
4.840,0.489,-2.140,-0.790
9.912,1.226,0.011,-0.594
5.110,-0.323,1.973,0.552
5.388,0.594,7.923,-0.216
-0.110,-1.507,0.761,-0.366
9.009,1.805,-2.728,-0.135
4.681,0.551,-0.915,-0.097
4.947,-0.721,0.523,-0.524
7.522,0.025,-1.013,0.116
7.932,1.248,4.150,0.644
3.905,-0.908,-3.063,0.753
4.637,-1.983,5.416,-0.864
1.141,-2.209,0.551,0.185
5.743,0.251,-4.234,2.008
6.453,-0.260,-2.494,0.648
2.118,-3.926,1.052,-0.354
7.702,1.969,3.096,-1.369
4.232,-2.272,3.070,0.048
-2.957,-2.297,-2.745,-0.133
3.874,-0.147,4.540,-0.375
4.873,0.213,1.731,-1.143
8.285,1.235,-1.307,0.771
7.792,1.732,-0.573,-0.931
5.496,-0.913,-0.269,-0.549
6.368,-0.048,-2.215,-1.621
7.770,1.329,-0.998,0.425
-1.714,-4.173,-3.873,-0.284
3.216,-0.788,4.073,0.053
0.721,-0.374,-5.085,-1.069
5.149,0.773,-3.754,-0.145
0.445,-1.578,-2.676,-0.438
4.100,0.775,-0.494,-0.839
7.913,1.797,3.065,-0.009
5.756,0.231,-2.502,-0.541
3.146,-0.220,-1.962,0.580
6.387,1.084,-1.446,-2.308
-4.126,-0.854,-2.050,0.858
4.929,1.970,4.460,0.199
7.446,2.128,-5.541,-0.190
3.528,-0.227,4.875,-0.627
1.006,-0.358,3.646,-1.344
5.616,-1.538,1.490,-0.605
11.267,2.728,-1.398,1.655
4.453,-1.765,2.080,0.235
8.313,1.923,1.904,-1.631
6.613,1.292,-0.918,2.322
8.217,1.014,5.292,0.580
3.830,-1.138,2.996,0.386
1.883,-1.783,1.681,1.005
6.807,0.226,0.489,-1.626
1.429,-1.773,1.456,-1.519
0.231,0.119,0.490,-0.826
6.281,1.577,-0.224,-0.962
4.715,1.727,3.533,0.760
5.114,0.161,0.686,-1.237
8.792,2.612,-0.513,-0.100
-0.399,-2.862,-1.109,-0.135
8.888,0.121,5.750,-1.202
1.925,-1.232,-1.069,2.193
2.937,0.254,1.952,-0.159
3.508,-0.024,-4.016,-0.991
7.504,1.724,2.990,-1.032
0.063,-2.466,-0.527,2.197
0.114,-0.768,-6.649,1.639
5.830,-1.093,-0.431,-0.959
5.353,0.645,0.928,-0.860
1.553,-0.746,-3.864,-1.397
6.500,2.431,0.968,0.439
10.293,1.571,0.625,0.297
-0.618,-4.387,4.272,1.443
4.587,0.965,-0.953,-1.345
1.306,-1.837,-2.406,0.443
0.020,-2.821,-0.877,0.619
4.283,0.372,0.213,1.153
1.486,-1.144,-3.120,-0.488
2.820,-1.619,-0.098,0.128
1.708,-1.535,-0.785,-0.311
4.979,-0.878,-2.444,-1.760
1.182,-2.131,3.254,1.821
6.376,-0.255,-1.337,0.680
6.005,-0.250,4.284,0.513
4.452,0.227,1.016,-0.822
7.832,1.078,0.075,-0.185
1.664,-0.187,2.259,-0.898
11.409,3.110,-0.011,-1.159
1.279,-0.978,-2.956,1.707
11.424,2.185,-2.446,1.610
5.511,-1.365,-1.332,-0.535
-0.620,-3.240,0.841,-0.892
4.816,-0.882,3.443,-1.519
6.925,-1.561,-3.674,-1.433
2.014,0.889,5.697,-0.197
4.519,0.505,1.593,-0.593
1.964,-0.871,5.258,-0.180
9.088,0.993,0.357,0.008
3.496,-0.452,-1.586,0.154
6.027,0.306,3.774,-0.353
5.405,-1.151,-3.478,1.178
-0.124,-3.180,-0.378,-0.240
3.268,-0.095,-0.147,-2.154
5.126,0.086,1.479,2.593
8.299,3.267,-0.770,-0.430
7.336,1.228,1.786,1.276
2.139,-0.540,-0.667,-0.581
-2.688,-2.549,4.008,-0.517
8.019,0.217,0.845,0.657
1.510,-1.671,-0.412,0.461
-0.229,-1.464,0.666,-1.209
7.511,0.701,-2.786,0.338
11.466,1.645,-2.732,-0.120
4.246,-2.612,0.029,-1.781
4.638,1.276,-0.851,0.311
8.211,1.045,1.482,1.240
4.588,0.858,4.587,0.183
7.323,-0.304,6.193,1.339
5.924,1.524,-1.925,-1.092
2.310,-1.738,-4.380,-0.985
2.571,-3.230,0.762,1.307
9.595,1.465,1.742,-0.110
5.399,-0.260,-4.867,0.105
1.407,-2.366,2.518,-1.181
4.576,-2.935,2.879,0.343
4.451,0.951,0.505,-0.045
5.213,0.169,-0.799,2.453
5.585,-0.066,-2.591,1.191
1.585,-0.798,2.180,0.283
10.889,3.657,-0.728,-0.331
5.368,1.614,-4.629,-1.047
4.393,1.451,-2.949,2.036
7.136,2.529,1.059,-0.241
8.169,2.670,0.950,0.245
2.959,-2.498,1.486,0.265
5.961,0.175,1.754,-0.688
9.310,1.249,-0.111,0.633
5.616,1.271,3.483,-1.299
11.020,0.829,-7.216,0.219
7.105,1.753,-0.858,0.368
-3.851,-2.074,-4.806,-0.428
5.993,-0.454,-2.223,0.492
3.669,-2.974,1.604,0.408
2.776,-1.305,2.798,-0.450
8.438,2.141,1.639,0.672
-0.825,-2.429,1.508,-0.585
9.960,1.588,1.256,-0.052
1.537,-1.761,6.446,1.421
5.586,-0.459,1.154,0.749
6.438,1.976,-0.496,0.474
4.548,-0.019,1.363,0.811
13.918,1.515,-3.032,0.301
7.037,0.961,2.796,0.079
6.603,1.879,3.396,0.111
1.996,-2.189,3.952,-1.415
2.114,-1.004,-4.463,-0.420
6.575,-0.754,-0.415,-1.304
7.670,-0.564,-2.195,0.472
0.277,-1.247,-0.797,0.074
6.137,1.699,1.738,-1.397
1.315,-0.849,1.350,-0.052
1.057,-0.178,3.106,-1.909
10.384,3.020,-3.040,-0.491
-1.118,-1.821,0.274,-0.809
4.907,-0.540,-0.596,0.328
4.064,-0.579,-4.822,0.535
3.584,1.187,1.745,-2.075
4.209,-2.335,0.213,1.321
0.524,-0.838,-2.515,-1.108
5.265,-1.081,2.146,1.276
6.722,1.723,-6.476,0.932
7.986,1.403,1.472,0.430
-1.480,-2.124,1.187,0.718
12.275,2.264,-0.961,-1.249
8.522,1.970,0.333,-0.191
9.466,1.639,-4.911,2.329
3.232,-1.334,-0.027,1.454
0.302,-1.958,-0.421,0.040
5.452,-0.417,0.628,-1.802
3.588,-1.089,-2.364,0.255
12.091,1.349,-0.666,0.232
6.453,0.094,-2.696,-0.444
5.202,-0.849,3.957,-0.096
5.743,-0.211,-1.001,-0.252
3.307,-0.189,-0.856,-1.014
5.184,0.261,-1.647,1.119
8.846,2.964,1.635,-0.128
5.035,-1.043,3.120,0.132
4.416,-0.148,0.117,0.341
7.714,0.173,-2.061,0.169
3.081,-0.427,-0.575,-1.811
6.830,0.455,4.865,0.197
1.851,0.930,-0.991,0.022
7.876,-0.937,1.553,0.228
4.855,-0.783,-0.857,-0.283
9.998,0.978,0.886,2.180
4.797,1.048,1.206,1.017
6.999,-0.197,0.175,-0.785
4.622,0.469,0.450,-0.812
4.657,-0.021,-4.826,-1.208
6.856,0.744,4.067,0.207
9.510,0.433,1.432,-1.590
11.234,0.883,-6.857,-0.024
6.208,1.565,0.508,0.596
8.767,0.460,1.828,-1.005
6.507,0.555,0.756,-0.212
0.006,-2.035,-2.923,1.776
5.148,-1.396,2.656,1.089
9.806,4.115,-2.498,-1.644
8.756,2.099,1.368,0.756
9.239,1.463,-6.833,0.552
2.042,-1.860,-0.197,-0.059
11.239,1.991,1.987,1.928
10.334,2.744,-0.590,-0.757
0.895,-1.834,1.821,-0.491
-2.792,-1.735,-2.037,0.071
2.467,0.393,1.795,-0.020
5.367,-0.379,3.922,-0.407
6.672,-0.857,7.965,0.654
2.242,0.107,-0.761,-0.473
6.122,0.788,-1.673,-0.283
7.577,1.193,-2.884,0.205
-1.080,-0.355,3.335,-1.254
2.154,-0.810,2.228,-0.183
6.475,-0.875,2.735,-0.698
1.759,-0.190,0.317,0.917
1.650,0.223,-0.833,-0.595
4.104,-1.288,-2.159,0.472
7.710,0.854,1.934,-1.623
3.817,1.044,0.745,-0.683
1.023,-3.830,2.172,0.028
1.632,-0.984,-1.303,0.928
6.306,-0.298,-1.436,-0.190
6.897,1.003,0.683,0.242
6.052,0.249,-2.671,-0.648
3.968,-2.156,4.598,-1.052
6.337,-0.747,2.404,-0.057
-4.453,-3.258,0.176,-1.308
0.258,-3.097,0.737,0.000
4.209,0.990,-2.720,1.736
5.424,-0.445,3.235,-1.916
4.490,-1.504,-2.819,0.384
-1.907,-3.858,-0.148,-0.618
7.770,-0.242,2.700,1.125
4.050,-1.706,0.611,0.871
3.586,-1.404,0.087,0.014
4.342,0.740,-1.108,-1.271
7.234,2.100,3.001,0.807
3.902,-1.797,-4.568,-0.700
6.754,1.085,6.480,-0.555
2.000,-1.987,0.206,0.161
3.141,-1.560,1.789,0.817
6.887,-1.397,-0.608,-0.852
3.637,-0.360,0.564,-0.346
6.767,1.149,1.014,0.561
6.961,1.003,1.248,0.018
3.248,-0.023,0.327,-0.343
3.624,-2.555,4.730,-0.337
7.364,1.080,-2.155,0.681
4.010,1.866,2.506,-0.165
6.854,1.091,0.704,0.072
-0.455,-3.688,1.333,-0.330
-0.307,-1.516,1.430,-0.727
1.487,-1.395,2.025,2.231
5.837,1.401,-3.501,1.269
8.797,2.025,-1.924,0.670
7.853,3.115,0.362,0.074
3.027,-0.131,2.098,-2.108
5.618,-1.330,2.913,0.954
0.444,-1.496,0.903,-0.171
3.541,-0.663,-1.086,-0.506
2.313,-2.613,-0.346,0.636
-0.141,-3.190,-2.431,-0.182
2.849,-2.528,0.932,0.613
5.138,0.439,-0.605,1.050
9.813,1.306,5.380,-0.367
6.179,0.037,1.254,0.577
6.540,-0.337,-3.037,1.577
1.774,-0.602,2.372,-1.331
8.476,3.193,-2.702,-0.038
5.686,-1.281,-3.343,-0.923
4.281,-0.681,-1.489,1.742
2.971,-2.538,-3.627,-0.829
6.825,1.208,-5.172,-0.320
4.430,0.315,-0.267,-0.887
2.310,-1.693,0.656,1.357
9.563,1.621,-5.396,-1.632
11.115,1.689,5.083,-0.430
1.075,-0.207,-2.874,-1.184
8.104,3.243,2.174,-0.270
-1.187,-1.668,5.997,-1.320
8.237,2.116,3.265,-1.120
5.223,-0.037,-5.794,-0.754
5.579,1.207,-3.027,1.611
7.588,1.264,1.628,0.238
7.276,1.007,-4.390,-0.052
2.030,0.051,1.275,-0.716
9.330,2.128,0.075,0.589
3.780,0.124,-0.654,0.360
5.117,1.946,-2.387,0.075
5.817,2.545,0.002,1.258
8.123,0.549,2.122,1.932
9.289,2.817,4.405,0.216
0.348,-1.750,2.763,-0.599
12.095,2.681,-5.265,-0.587
2.602,-0.854,1.501,-1.169
3.242,-0.652,1.103,0.446
4.206,-0.901,-3.460,0.943
11.005,1.240,-1.180,-0.188
-3.118,-3.543,-2.969,-0.040
5.435,-0.356,3.210,0.085
5.751,1.219,-3.836,-0.306
-3.194,-2.251,0.657,-0.434
5.405,-0.061,-0.649,-0.627
9.551,2.165,-1.289,-0.132
6.084,1.944,-4.177,-2.048
6.920,0.572,0.797,1.462
10.774,1.348,-5.941,-0.136
4.066,1.903,-2.257,-1.664
2.797,-1.965,-2.707,0.601
7.303,-0.660,1.450,-0.095
4.448,-0.649,-0.509,-0.846
2.950,-0.640,2.096,-0.041
2.445,0.328,0.733,-1.760
5.672,0.982,0.874,-0.620
0.047,-3.328,-1.463,1.534
4.033,0.851,-0.683,-0.366
9.060,0.932,-0.160,-1.801
4.036,-0.249,-1.909,-0.311
-1.512,-2.705,0.030,1.004
2.298,-0.109,3.869,1.944
4.318,-0.543,-1.131,0.824
3.657,-1.421,0.509,-0.070
6.858,-0.344,-2.308,0.162
8.835,0.692,2.721,-1.008
5.725,0.682,0.083,-2.280
4.335,-1.501,0.276,-2.793
1.880,-0.336,-0.590,-0.157
2.412,-0.778,0.951,0.473
7.913,0.152,-4.366,-0.696
3.681,-1.788,-0.212,-0.397
5.957,-1.012,-4.142,-0.597
7.724,-0.644,-2.984,0.406
0.602,-0.465,1.487,-0.600
1.082,-1.517,3.660,0.574
2.541,-2.386,0.745,1.125
5.712,0.200,-0.492,-0.917
0.285,-1.608,-6.061,0.544
7.408,-0.099,0.972,1.572
1.365,-0.335,-0.528,1.125
7.036,0.325,-0.785,0.866
7.512,-0.497,1.145,-1.433
10.556,3.998,1.521,-0.053
0.308,-1.139,-3.921,1.049
3.683,-1.477,-2.768,0.187
10.868,2.037,0.501,-0.340
6.266,-0.742,1.658,1.437
1.592,0.244,-2.831,0.764
-0.845,-3.731,-3.114,0.653
6.388,0.574,1.986,-0.646
7.216,-0.603,-5.274,-0.089
4.746,-0.403,-1.876,-0.092
1.959,-0.130,-1.174,1.459
11.184,2.473,3.259,-1.477
8.977,0.314,-0.392,0.411
7.796,1.157,2.290,0.717
8.817,1.189,0.072,0.393
4.182,-0.304,-1.420,0.729
6.103,0.188,-0.637,-1.425
12.503,1.548,-2.611,-0.147
-0.013,-2.725,2.315,1.331
3.694,-0.903,1.415,-0.760
3.306,-0.668,-0.548,0.482
10.108,2.315,3.735,-0.072
4.368,0.055,-0.276,1.303
10.446,1.322,1.090,-0.403
8.196,0.060,1.001,0.283
1.797,0.422,-3.847,0.136
2.367,-1.593,-3.459,0.801
4.946,-0.856,2.298,0.956
8.007,1.399,1.937,1.286
5.427,-1.649,2.633,-1.125
8.808,-0.102,-1.630,0.937
6.733,0.449,-2.038,0.821
10.294,1.696,2.359,0.735
6.480,0.601,-1.310,1.022
5.226,-0.898,7.121,0.070
5.377,0.229,1.448,0.741
10.298,0.977,3.180,-0.416
3.460,1.623,0.953,0.163
7.774,-0.568,3.961,-0.851
3.084,-2.443,2.312,0.778
4.534,-0.189,-0.942,0.034
2.704,0.200,-7.602,0.326
9.074,3.121,0.683,1.386
4.473,-0.005,-5.508,-0.206
5.289,-0.707,-6.194,1.101
4.070,0.467,-3.049,0.758
2.917,-1.124,6.183,-0.231
3.370,-0.406,-0.961,-0.735
-1.858,-1.339,-1.556,0.539
6.738,-0.239,1.222,-0.213
3.370,0.376,-3.851,-0.783
-0.035,-2.977,0.578,-0.007
6.911,-1.258,4.731,-0.134
8.108,2.554,2.155,-0.470
7.429,1.367,2.127,0.486
7.213,-0.258,1.129,-0.275
9.982,2.443,-2.108,2.073
2.199,-2.146,1.336,0.852
2.654,-2.071,-1.668,-0.086
-0.775,-2.619,1.224,-1.248
9.845,1.276,0.466,-0.207
3.156,-0.973,1.205,1.278
2.630,-0.390,3.236,-1.248
3.210,-1.764,0.038,-2.122
8.227,1.870,-1.446,-0.318
4.011,0.119,0.876,-2.584
5.799,1.166,-4.005,0.016
9.062,0.899,-0.756,0.467
3.785,-0.149,-1.854,0.346
8.021,1.539,3.303,-0.599
3.868,-0.097,-6.283,-1.768
4.368,-1.260,2.929,-0.435
5.755,-0.002,-5.480,0.117
4.837,-1.406,-3.422,0.812
11.020,2.217,-2.478,-0.013
6.179,1.251,-2.340,0.633
6.942,1.487,4.354,0.981
3.813,0.213,5.196,-0.228
3.824,0.328,-7.492,-0.577
5.232,1.351,2.934,0.290
7.170,0.031,7.450,1.008
4.184,0.089,2.439,0.432
0.004,-1.104,8.536,-0.406
3.779,-2.469,-1.328,-2.319
1.316,-2.830,9.462,0.119
4.836,-1.764,-4.744,0.271
6.113,0.064,-2.768,0.122
7.410,3.235,-3.903,-0.035
-2.573,-2.308,1.140,0.180
5.488,1.287,1.337,-0.120
4.427,-0.406,0.656,-0.843
2.503,-0.368,-1.160,0.367
0.344,-3.160,1.789,-0.168
-0.169,-2.675,3.421,-0.022
5.540,-0.599,2.765,0.068
5.697,0.442,3.578,0.101
5.655,-0.051,-7.104,-0.620
4.188,-1.571,-4.041,-0.031
7.973,3.623,3.709,0.144
1.650,-0.975,-1.592,0.894
5.954,0.101,-0.368,-0.689
6.072,0.665,1.617,1.294
1.193,0.185,3.191,-1.279
2.851,-0.815,3.713,0.389
6.886,1.120,0.013,0.795
4.933,-1.250,-0.585,-0.045
4.555,-0.074,-0.185,-0.728
7.293,1.480,-2.975,-1.040
5.515,0.894,0.233,-0.230
5.012,0.825,-2.551,-0.333
9.155,0.801,-1.938,1.639
5.641,-0.079,4.929,0.299
4.757,0.509,-2.474,1.016
3.256,-1.611,-1.010,1.187
2.014,-1.977,-2.788,1.059
5.974,-0.210,1.713,-2.214
7.884,1.540,-1.395,0.026
7.943,2.893,2.456,-0.030
5.438,1.313,2.918,0.127
13.168,3.382,2.172,1.790
10.869,1.667,-0.199,1.059
4.368,-0.309,-1.022,-0.734
0.982,-1.639,0.285,0.635
2.817,0.031,-0.256,0.610
3.119,-0.890,-0.999,-1.564
2.523,-1.159,-2.493,0.283
1.878,-2.239,2.579,-0.354
10.857,2.687,-1.913,1.316
9.073,1.682,-0.145,-0.772
3.280,-1.869,1.457,1.883
10.320,1.011,3.412,1.274
0.552,-3.588,-4.155,0.996
5.209,0.214,6.383,-0.786
4.508,-0.120,1.144,-0.724
8.568,0.709,-2.019,-0.320
6.345,0.671,-0.352,-0.529
8.288,2.218,3.477,-0.421
5.866,-0.109,0.068,-1.407
-3.414,-1.086,-3.169,-0.170
3.409,0.732,0.534,0.868
-0.222,-2.124,1.550,-2.583
6.367,1.252,-0.410,-1.324
3.605,-1.140,-4.526,-0.243
7.990,2.070,0.144,-1.002
8.485,0.902,-0.624,0.925
4.720,-0.491,2.478,1.644
7.150,-0.203,-1.313,-0.753
2.841,0.649,3.183,0.300
10.483,2.231,4.001,-0.826
6.455,0.365,-0.637,-1.019
1.314,-2.570,-6.861,0.883
7.602,2.449,1.452,-0.286
4.003,-0.589,2.736,0.710
4.376,-2.327,-2.208,-0.545
4.127,-2.882,-4.343,0.087
10.479,2.825,2.237,-0.461
7.001,-0.236,1.125,-0.879
7.925,0.073,-1.034,-0.585
2.863,-0.325,2.306,0.874
5.866,-0.096,2.497,0.214
8.542,-0.546,-0.955,0.293
6.950,2.138,2.645,-0.264
3.226,-1.120,6.790,0.048
9.937,1.524,-0.212,-0.268
2.372,0.012,4.266,1.372
6.859,2.370,-0.454,0.672
6.939,2.682,-3.522,-0.203
0.522,-3.567,3.102,0.015
7.543,2.312,2.592,0.254
6.536,0.485,-0.344,0.596
4.725,-1.158,-1.107,-0.449
9.293,1.388,-0.895,-0.194
-7.018,-4.432,3.273,-0.740
2.847,-1.260,-3.400,-1.338
10.981,2.816,3.685,0.968
3.794,-1.639,5.017,0.106
6.933,-0.560,-1.935,0.419
2.648,-1.526,1.476,-0.830
10.169,0.661,-3.900,-1.963
2.552,0.031,-0.349,-0.117
9.371,1.907,1.409,0.452
5.745,0.616,3.126,-1.524
4.193,-1.274,1.510,1.372
-1.335,-3.093,0.309,-0.615
6.950,1.423,-0.550,0.345
10.535,1.506,3.586,-1.047
4.777,-0.613,1.285,1.433
4.804,0.833,2.900,1.861
8.426,2.506,-4.844,1.893
4.989,0.699,-3.911,-0.451
2.961,-0.634,3.599,-0.150
-0.174,-2.216,0.266,0.270
3.398,-0.923,3.036,1.558
1.896,-1.478,3.055,-0.786
2.337,-0.710,3.313,-0.254
5.663,0.831,2.346,-1.204
2.755,0.675,-2.627,-1.282
5.085,-3.179,-1.837,2.426
-2.351,-3.887,-4.272,0.074
2.771,-0.444,-1.125,-1.380
6.374,2.496,0.127,-0.709
3.486,0.400,-0.005,0.988
6.382,0.120,0.176,1.112
8.208,0.112,-2.379,0.114
6.979,0.380,1.530,-0.006
3.586,1.941,4.983,0.967
8.242,1.215,-1.454,2.865
2.512,-0.541,-0.990,-1.826
6.317,1.678,1.437,0.009
6.607,0.808,-5.632,3.033
6.428,-0.834,0.670,2.025
-0.055,-3.033,4.424,-1.467
4.346,-0.390,-4.927,1.030
6.747,-0.201,-0.341,1.296
4.376,-0.082,-2.096,-1.063
7.038,0.336,-1.961,-0.455
6.176,0.950,0.745,1.858
6.942,-0.609,0.803,-0.933
2.905,-1.330,0.845,0.632
4.640,0.588,-1.909,-0.924
2.609,-0.650,-1.319,0.527
7.883,-0.030,0.059,-1.651
8.969,2.704,1.334,-0.085
1.651,-3.596,0.067,-0.361
6.716,1.801,-2.861,-1.266
3.778,-0.182,-1.734,0.095
-1.110,-1.298,-1.265,-0.654
5.380,-0.362,-6.872,-0.710
10.385,3.499,-7.025,0.171
4.073,-0.148,-2.269,-0.301
6.511,-0.193,-2.032,2.851
8.341,1.240,-5.251,-0.425
2.687,-0.283,3.704,1.251
3.756,-1.554,-5.721,-0.025
6.404,0.633,1.176,1.645
7.838,0.840,-1.274,0.075
3.014,-0.648,-3.863,-0.639
5.338,0.081,-0.183,0.124
2.775,-1.216,-1.879,-0.223
7.040,0.822,-4.029,2.109
2.203,-0.389,2.633,0.306
2.468,-0.545,0.483,-2.007
9.382,2.043,0.273,0.975
7.331,1.766,4.180,0.433
1.592,-0.397,-0.341,-1.269
6.050,-0.765,-3.250,-2.094
4.004,-1.577,4.685,-0.460
7.095,1.616,-0.642,1.692
4.447,0.030,0.492,-0.856
5.353,1.311,-2.436,1.238
7.153,1.519,-3.680,-0.330
1.307,0.309,-4.046,1.898
4.790,0.789,1.780,-0.917
0.080,-2.127,-1.041,2.068
4.114,-0.278,5.616,-0.750
7.192,0.890,2.684,2.172
6.230,-0.210,-0.513,-0.798
6.796,-0.048,-2.628,0.065
3.132,-1.848,1.456,-0.644
3.999,-0.760,0.630,0.286
5.856,-1.066,-6.225,-1.561
3.492,-0.177,5.021,-0.428
0.016,-0.558,2.715,0.499
5.753,-0.442,-3.188,0.071
-0.628,-3.249,-4.047,1.687
12.789,2.767,-1.270,0.807
4.526,0.071,-2.934,-0.630
-3.094,-1.504,0.966,0.397
3.242,-2.249,0.756,0.667
1.636,-2.976,0.461,-0.270
5.257,-0.002,-2.283,0.000
6.542,1.381,5.083,0.231
3.915,0.582,1.331,-0.307
7.941,1.170,1.333,0.192
9.871,2.910,0.947,0.057
3.383,-1.765,-3.154,-1.042
5.718,0.110,-2.790,-0.238
1.682,-2.558,2.492,0.415
10.323,2.778,-0.302,-0.585
6.368,0.358,2.148,0.723
4.930,1.068,5.256,0.311
4.878,-0.094,-2.362,0.548
5.466,-2.193,-2.158,1.984
12.658,0.883,-0.248,0.155
5.030,-1.046,-0.834,0.072
5.491,-0.119,-3.574,-1.559
5.511,0.165,-3.697,-0.977
7.038,-1.115,-0.383,-0.480
9.560,2.314,-1.687,1.503
3.928,1.991,5.170,0.256
1.851,-3.263,1.216,-2.066
3.326,4.646,2.235,0.967
-0.659,5.148,1.026,-0.648
-3.237,4.847,-2.295,-0.238
2.334,4.891,-1.832,-0.863
1.303,4.527,-1.265,-1.257
1.701,7.170,-0.205,1.033
5.729,5.504,1.966,1.422
1.474,5.287,-1.199,-1.092
-5.823,5.279,1.588,-1.016
3.919,4.628,-2.533,-1.417
-3.184,6.167,-1.613,-2.071
1.509,3.631,0.078,1.633
-3.636,4.667,-2.404,-1.432
4.989,6.429,1.268,0.892
2.042,4.147,1.606,0.475
6.047,4.590,-3.695,0.301
-0.283,6.215,1.868,-0.950
-1.748,4.887,-3.701,0.483
-2.810,5.575,3.785,-1.142
-0.372,5.507,4.368,0.075
2.325,3.701,2.005,0.263
-0.810,5.186,0.345,0.173
-0.263,4.128,-1.085,-0.638
-0.779,5.013,1.654,0.843
-0.422,3.626,0.980,0.760
7.607,4.648,-3.624,-0.522
2.670,3.761,-1.411,0.438
-4.212,5.916,-2.312,-0.084
-2.365,3.483,-0.117,-0.824
6.897,5.100,-3.180,0.047
-0.586,5.076,3.750,-1.349
0.633,3.424,1.658,0.844
2.794,5.138,0.261,0.011
-2.621,5.569,-4.969,0.385
-1.473,4.847,-0.727,0.677
6.665,4.767,-2.325,-0.602
4.316,3.803,1.211,0.388
-2.202,5.134,-3.430,0.381
7.068,4.657,0.588,0.755
1.463,4.174,-1.789,0.186
4.549,4.397,-0.316,0.045
0.690,4.153,-2.866,3.634
-1.769,4.544,3.648,0.398
0.346,5.062,5.585,-1.210
4.471,4.326,-1.106,0.513
-3.497,3.977,-2.183,-0.195
0.988,5.773,2.285,1.128
-1.891,6.376,-4.065,0.385
5.791,4.890,4.857,0.253
-4.954,5.131,4.952,-0.121
-1.727,5.458,1.675,-0.009
-2.683,7.236,-0.147,-0.443
1.589,4.688,1.596,-0.151
4.143,3.090,4.143,-1.281
-1.135,5.193,-2.411,-1.383
3.322,4.611,3.843,-0.558
4.186,3.206,-7.373,0.684
5.022,4.089,-0.927,-0.555
2.336,5.217,2.255,0.379
4.314,3.752,1.171,-0.079
-1.716,3.050,0.948,1.678
-0.153,3.419,1.678,-0.957
5.181,4.626,3.772,1.418
4.571,5.561,-4.743,0.367
1.185,5.032,3.997,-1.582
0.957,5.605,2.233,-0.507
4.027,4.490,-6.291,-0.513
5.284,4.733,-5.108,0.363
-0.303,5.212,4.516,-1.638
1.866,3.046,-1.855,-0.400
-4.945,4.031,0.512,-1.014
-0.698,5.889,3.569,-0.184
3.768,5.781,0.199,0.462
4.469,4.051,1.276,1.832
-0.808,4.531,-0.952,-1.201
7.617,5.541,-2.568,0.810
-0.919,5.771,1.023,-1.496
3.044,4.814,1.820,-0.631
2.112,5.684,0.134,0.412
6.370,3.072,-3.304,-1.131
1.417,6.639,3.078,-1.070
1.325,6.628,-2.413,-0.275
5.898,5.415,2.521,0.143
2.924,5.239,-9.304,0.522
-0.806,4.866,-1.776,0.041
10.259,6.183,2.781,0.432
7.830,6.103,-1.265,-0.445
4.668,4.352,1.518,0.245
0.676,5.855,-1.107,-0.936
9.973,6.156,-3.310,-0.890
3.181,4.700,-3.106,0.145
8.460,4.707,1.019,-0.714
0.840,6.188,2.524,-0.829
-0.978,5.055,-6.802,-0.075
6.422,5.898,-4.486,1.493
5.134,5.244,-0.071,-0.966
2.638,4.665,2.464,-0.339
-0.529,4.346,-4.291,-0.102
3.400,5.448,5.796,0.506
-3.764,4.642,1.188,1.376
-2.788,2.568,1.240,1.609
7.387,4.895,4.005,0.818
1.914,5.492,3.287,0.762
0.715,5.920,0.024,1.683
0.167,6.754,-0.003,-1.728
0.994,5.989,-1.607,0.090
4.861,3.048,6.554,1.024
2.393,6.040,-3.553,1.206
-1.136,5.979,-2.807,0.024
2.836,4.106,-2.381,-0.071
-3.400,6.303,-3.273,0.363
0.837,4.783,-0.857,-1.838
6.812,4.998,5.436,-1.569
-0.491,5.787,2.213,1.085
5.372,3.302,-2.319,-0.161
0.252,5.719,3.134,1.157
-3.184,5.610,-1.739,-0.123
3.112,6.970,-5.593,-0.760
5.284,5.737,-2.685,-2.509
-0.277,5.074,0.895,-0.936
8.076,4.022,0.863,0.330
-0.502,5.751,-0.843,-1.259
4.001,4.352,-0.595,-0.070
4.060,4.668,-8.927,0.281
-2.452,4.843,-0.388,-1.254
-1.012,4.966,-0.450,-0.183
1.800,3.990,-2.071,0.471
-1.033,5.076,-1.120,0.400
2.990,4.899,-0.875,-0.427
-0.198,6.324,3.494,-0.934
-0.375,4.700,1.795,-1.074
-0.238,4.831,-2.453,2.069
-5.541,5.159,-0.797,-0.078
0.404,4.010,-4.914,1.910
0.870,6.131,-0.291,-1.005
-0.669,6.085,-0.928,-0.438
-5.644,3.959,1.755,0.600
-0.795,5.894,-4.214,-0.663
1.418,4.849,0.157,0.372
-1.607,4.670,0.713,-1.446
-3.578,4.431,4.169,-0.134
-2.071,5.401,1.216,1.123
-0.201,6.396,2.906,-0.675
5.037,7.966,1.985,-1.082
1.786,5.634,2.939,0.361
0.783,5.381,-2.120,-2.631
2.302,4.121,1.550,-0.482
4.337,5.701,-0.102,0.668
1.092,5.846,1.408,1.240
2.572,4.999,0.121,0.022
-1.380,5.057,1.527,0.675
0.294,5.240,3.075,-1.867
1.665,4.440,1.676,-0.002
3.483,6.373,2.978,-0.173
-0.880,3.543,0.375,0.851
2.114,7.046,-2.788,0.351
1.503,3.418,1.475,2.000
7.018,5.023,4.966,1.538
-3.120,6.488,-3.770,-0.959
0.160,5.305,1.822,-1.366
1.463,5.583,1.589,-0.913
3.010,6.193,6.757,-1.039
0.664,5.197,-4.639,1.027
-0.004,5.341,-0.961,0.741
0.825,5.875,0.379,-0.044
-3.232,5.983,-4.597,1.894
1.592,5.755,3.738,1.094
8.342,3.866,0.530,-0.530
-1.521,5.011,2.974,0.508
5.354,5.955,-2.408,-1.491
-4.690,4.629,1.090,1.246
3.176,4.091,3.103,-0.368
-0.952,5.186,-0.630,-0.494
0.195,4.731,-1.019,0.705
-0.542,3.438,-0.845,1.343
-3.655,4.721,1.536,1.227
-0.539,4.497,1.106,0.514
-0.358,6.578,4.128,1.131
2.746,4.640,0.311,-1.775
-0.245,6.878,-3.483,-0.890
-3.350,6.480,-1.446,0.167
3.961,5.278,0.178,-0.447
-3.144,2.996,-2.225,-0.844
1.864,5.723,1.892,-0.632
0.029,4.331,-0.267,-0.077
1.718,4.275,-2.984,0.261
2.098,6.052,-1.527,-0.002
2.676,5.494,-3.239,0.338
0.161,3.724,-1.828,0.532
-1.441,5.940,-1.672,-0.597
-0.732,4.792,3.317,-1.638
-1.543,7.349,-3.433,-2.081
0.865,5.436,-2.369,0.892
2.399,4.106,0.282,-0.236
0.971,3.606,5.117,0.878
-2.723,3.694,-0.886,0.305
0.450,4.595,0.822,1.565
2.367,6.294,2.213,-0.346
1.712,3.346,-0.655,-0.428
1.331,5.305,1.605,0.438
3.729,5.942,1.990,-0.614
4.743,5.336,-2.365,0.050
6.358,5.367,-2.199,0.766
3.389,4.468,-1.649,-0.543
-2.045,3.361,-5.031,-1.148
2.748,3.295,-3.027,0.097
5.388,5.570,1.178,-0.090
5.533,6.842,1.953,0.218
0.920,5.300,-0.186,0.161
0.875,4.275,-2.489,0.085
0.127,4.141,1.779,0.228
3.722,4.124,-2.746,-1.123
-2.914,5.518,-2.765,0.344
0.346,5.367,-1.417,-1.359
-1.715,5.580,-0.866,-0.758
-0.415,4.868,-2.371,0.300
6.924,6.684,1.022,0.662
-1.714,5.406,-0.134,-0.794
0.471,4.682,0.575,0.684
0.543,2.776,-6.209,-0.448
0.931,5.275,0.376,1.196
1.488,6.291,2.108,0.819
9.228,3.624,-3.516,-1.500
-1.689,4.223,0.863,-2.912
4.221,4.707,2.891,0.155
-1.068,6.777,-1.017,-0.505
-0.425,4.972,0.082,-1.353
1.390,6.764,0.297,1.679
0.662,4.096,-0.920,-1.860
3.425,3.714,2.260,1.016
-0.005,4.328,4.687,-1.724
3.616,2.661,0.086,-1.173
-4.774,6.684,3.191,-0.525
1.057,6.187,0.418,-0.588
2.854,4.294,-3.939,-0.318
-2.196,4.682,3.243,-0.232
3.468,4.331,-4.184,0.909
-2.313,4.947,0.728,0.380
1.070,5.820,-0.686,1.224
-0.063,4.081,-2.992,-0.265
2.890,7.416,-3.260,0.180
1.139,4.253,-2.023,0.765
1.025,4.023,-3.549,-0.162
-3.728,4.540,1.574,-1.294
-9.838,5.744,-0.911,-0.167
-2.827,5.305,5.957,0.787
0.495,6.046,0.921,-0.465
1.000,6.439,-2.617,0.001
7.056,3.904,-1.570,-0.084
-0.673,5.547,5.006,0.287
2.885,7.590,0.369,-2.576
-1.377,4.808,0.649,-0.657
6.361,5.884,1.772,0.738
1.137,3.964,-5.432,-1.341
0.310,5.534,-1.398,0.077
-0.699,4.408,4.069,-1.449
2.652,5.121,2.812,1.153
-3.448,3.765,-2.545,0.192
-1.752,4.251,4.589,1.051
5.330,3.907,-2.387,-0.076
0.849,3.681,-5.026,0.411
-0.940,5.216,3.633,1.591
-6.168,6.316,2.583,-1.108
4.631,5.803,6.057,-0.334
0.741,4.461,1.055,-2.312
-3.078,3.282,0.995,-1.576
4.170,3.781,-0.002,1.946
-3.307,3.606,-0.737,-0.316
0.586,7.816,-3.802,-0.060
4.501,5.790,3.698,-1.902
2.785,3.809,-6.168,-1.190
4.094,3.902,-1.897,-0.427
2.176,5.601,-0.205,0.257
-0.003,4.675,-1.192,-1.035
-2.247,4.953,-2.362,-0.707
0.303,5.971,-3.140,0.968
3.398,5.229,4.203,1.458
-5.464,4.903,4.293,0.147
3.364,3.958,-0.710,0.849
-1.483,5.543,-6.830,0.643
0.344,5.695,4.183,0.146
0.945,5.966,4.882,-0.746
0.728,4.811,-2.177,0.904
-0.992,3.237,3.590,0.169
4.968,3.539,1.343,-0.066
1.089,4.148,5.924,-1.526
-2.002,4.332,0.691,-0.245
-0.709,4.894,-5.224,-0.078
0.102,5.652,1.450,-0.008
4.084,4.964,-3.715,1.046
2.538,5.596,0.555,0.572
2.214,4.444,-0.259,0.681
4.612,5.454,0.655,-0.866
-3.369,4.945,-2.656,0.019
-0.211,3.657,2.617,-0.626
3.071,5.275,-0.200,-1.519
3.184,6.245,-2.217,-0.278
3.086,4.145,-3.615,-0.289
-8.071,5.124,0.829,0.400
-0.923,6.127,-1.631,-0.154
-2.683,4.931,2.499,0.621
-2.494,5.447,2.166,-0.544
4.222,5.008,-1.601,1.952
0.471,4.063,2.653,-1.334
5.829,4.514,1.042,-0.851
3.773,4.775,-0.149,-0.160
0.306,5.109,0.499,-1.074
0.861,3.768,-2.350,0.364
3.133,4.941,0.291,0.438
-0.390,4.560,-1.519,-1.779
-3.144,7.047,8.751,-0.201
-5.899,6.408,0.034,1.021
0.856,6.685,-2.012,-1.378
0.637,6.086,-3.737,-0.406
1.774,2.531,-3.975,-0.068
3.864,2.794,-3.124,0.293
4.678,5.436,1.134,1.957
-3.155,5.508,3.844,1.043
-3.028,4.667,0.371,0.647
-0.166,4.810,-4.752,-1.107
6.245,5.493,1.692,0.520
0.548,5.145,-0.770,0.467
-1.005,6.323,-5.025,1.973
1.455,6.210,-1.751,0.396
-0.108,5.018,4.255,-0.463
4.236,3.503,-0.688,-0.364
-2.222,4.088,4.776,-0.430
-1.628,4.253,-2.490,-2.332
1.973,4.364,0.993,0.819
-0.153,3.383,1.034,1.333
-0.521,5.364,-4.863,-1.617
-0.612,5.207,-2.081,1.409
0.830,3.764,-4.050,0.131
3.938,3.405,-4.081,0.063
1.613,5.320,-2.919,1.102
-3.728,6.341,-5.642,-1.298
-0.067,5.578,-2.827,-0.268
-5.771,4.800,2.942,0.805
-4.373,5.536,2.540,0.913
0.196,6.642,-0.569,-2.742
-0.520,4.578,-0.765,0.082
1.184,4.230,1.532,-1.713
4.420,5.110,-5.899,0.424
-2.246,5.333,0.264,1.655
4.274,5.230,3.103,0.228
3.412,6.172,-4.772,-0.633
0.779,7.015,-0.787,-0.336
5.025,2.164,-1.993,0.769
3.510,4.017,3.397,0.814
5.604,6.806,-0.067,0.888
1.522,5.345,-0.539,1.472
1.236,5.886,1.176,-1.041
2.885,6.238,5.364,0.377
-0.035,5.072,1.878,-1.222
-3.425,4.743,-2.093,-0.467
0.944,4.441,1.069,0.860
1.284,5.482,2.345,-0.232
-0.569,5.978,4.531,-1.305
0.009,4.651,-3.336,0.051
3.941,4.854,-1.752,1.982
-1.988,4.644,2.192,-1.204
-1.711,5.681,-2.420,-0.867
-2.461,4.564,-4.368,-0.079
-0.622,5.534,0.404,0.036
4.865,3.244,4.369,-0.606
-4.303,3.878,-6.568,0.069
-2.278,3.571,2.197,1.222
-0.374,4.958,-4.045,-0.241
4.900,4.577,2.622,0.922
1.725,5.425,-0.934,0.809
2.952,3.182,-0.483,0.045
3.609,6.415,-2.120,-2.230
-3.031,4.202,-3.261,-0.119
-2.383,5.900,-3.328,0.278
-6.895,6.816,3.878,-0.520
-1.474,2.771,-5.341,0.329
7.005,4.466,-2.014,0.028
1.845,4.210,-4.612,2.385
-0.771,4.313,-1.634,-0.839
0.728,3.777,0.126,-1.575
-1.267,4.936,-0.442,-1.014
7.188,5.018,2.029,-0.318
-0.672,5.712,-1.445,0.878
2.738,6.250,-0.528,0.829
-0.687,4.598,-1.732,0.708
0.435,5.930,-2.682,0.116
1.335,5.247,-1.313,1.595
2.411,5.917,-4.939,0.241
1.152,6.622,2.604,0.390
2.910,4.798,-2.667,0.189
1.966,4.729,-0.492,2.938
4.621,5.483,5.810,-1.810
-1.209,4.653,2.052,-1.769
3.022,4.653,-1.727,-0.976
2.881,5.881,1.236,-1.300
2.424,4.631,3.433,0.061
2.995,5.187,1.506,0.174
6.213,3.754,-2.485,-0.182
-0.292,5.162,-2.537,-0.571
6.469,4.901,-2.577,-0.037
-0.762,5.178,-2.038,-1.742
3.727,5.155,-0.733,-0.915
3.299,4.295,4.428,1.102
-3.304,6.608,4.512,-0.347
1.993,3.207,3.981,0.517
-0.227,3.520,0.785,0.717
-1.204,5.101,1.463,-2.080
-3.951,4.966,0.586,0.311
-0.652,3.295,-0.542,0.209
0.235,5.465,-1.580,0.187
0.053,5.768,1.033,-2.170
-4.288,6.372,2.538,-1.314
0.347,4.412,2.551,-2.118
-0.132,4.416,-2.927,0.878
7.142,5.557,2.473,-0.328
1.365,4.938,-2.541,-0.352
1.983,5.694,-0.206,2.020
-2.084,4.015,-3.861,0.176
1.903,3.642,-1.946,-0.632
-0.185,4.966,-2.799,-0.704
1.569,7.211,-4.159,-1.390
2.786,4.486,0.906,-1.089
-5.933,4.051,5.194,-1.109
-0.169,5.681,4.012,-0.789
5.251,3.090,-0.354,0.193
2.125,6.718,1.761,0.058
-0.842,4.507,0.614,-0.693
1.797,7.038,-2.857,-0.488
1.989,4.800,4.814,-0.147
-1.831,5.419,2.589,0.611
-0.528,5.751,-0.745,1.664
-3.399,5.216,5.268,1.013
4.272,6.181,3.113,1.158
2.464,4.678,-1.271,-0.646
5.294,5.247,3.361,-2.158
-3.171,4.908,-0.300,-0.312
1.366,4.390,3.803,2.346
0.469,6.963,1.297,1.234
0.032,5.324,-1.960,1.455
-3.015,4.779,4.674,-0.424
1.956,4.650,-5.584,-1.794
-3.282,5.095,-1.270,-0.279
-0.264,5.306,-0.961,-0.228
-2.824,3.835,0.177,-0.793
0.193,4.748,-1.332,1.394
-4.053,7.040,1.166,1.325
-1.257,4.163,-1.758,-0.039
-4.559,4.556,-0.206,-0.876
1.352,4.336,-2.148,0.969
-3.666,5.484,2.058,0.102
1.539,4.906,-0.017,-0.286
6.411,5.381,-6.515,-0.693
-1.459,5.335,1.095,-0.974
-1.238,4.526,1.494,-0.413
-4.721,5.050,3.019,-1.731
2.089,5.267,1.476,-0.524
2.312,6.332,-0.444,0.204
1.611,5.677,4.781,-1.487
7.431,4.841,-1.331,-0.030
-1.654,6.226,-3.968,1.325
1.448,3.989,0.187,-0.902
8.586,6.878,-1.814,-0.363
1.693,4.962,3.790,-0.151
5.089,5.549,4.546,-0.320
-2.394,4.498,6.548,2.162
0.850,4.707,-2.491,0.030
9.123,4.657,1.148,0.117
5.764,3.977,-1.639,0.876
3.540,5.473,0.488,1.927
-5.631,5.617,0.109,0.032
3.317,4.904,-4.676,-1.819
-4.195,3.141,0.746,0.908
1.741,5.724,2.861,0.500
-1.173,4.150,-3.761,1.235
0.091,4.947,3.271,0.510
-1.818,5.222,0.094,-0.446
-0.292,4.503,-1.432,0.673
2.943,4.272,-2.066,-1.152
3.010,5.459,-0.904,-0.630
4.627,4.770,1.691,2.205
4.779,4.915,0.740,-0.646
1.733,4.069,2.358,-0.279
2.694,4.790,0.701,-0.156
8.002,5.575,-3.756,-2.099
-0.685,5.467,-2.066,1.126
4.002,2.337,0.772,-0.495
-0.220,3.223,3.332,-1.129
0.575,5.357,-0.603,-0.384
-3.115,4.769,-3.923,1.493
6.415,5.884,-0.203,0.056
2.926,5.024,-3.933,-1.093
2.745,5.358,1.840,-0.182
2.479,6.297,-0.329,0.365
2.345,5.411,5.920,0.423
-6.364,5.739,0.705,1.041
2.092,4.684,0.439,-1.069
1.840,4.531,0.895,0.669
2.751,3.834,-1.082,-1.193
-0.873,5.543,-0.205,-0.704
-2.182,5.760,0.730,-0.033
-2.843,4.941,-0.363,-0.063
4.286,6.477,-2.547,0.429
4.855,3.857,-0.556,-1.520
-2.134,7.078,0.169,-1.107
-0.425,5.083,-7.275,-0.296
3.825,4.291,-0.711,0.607
0.368,4.685,1.039,-0.844
0.956,6.017,-6.511,0.621
-5.005,4.609,4.909,0.203
3.236,3.628,-1.631,1.033
-1.589,5.710,-0.212,0.185
-1.158,3.365,-0.579,-1.381
1.062,5.339,-0.502,-0.260
-0.395,4.168,-1.698,0.117
-0.259,5.211,-1.398,-0.090
4.613,3.013,-2.137,-0.873
2.976,6.525,-2.110,1.709
5.559,3.687,0.105,-1.352
3.318,5.537,2.310,0.472
-1.613,4.359,1.511,-0.622
2.680,4.326,2.182,-0.236
2.405,6.872,-0.571,-0.205
-0.051,5.681,-3.016,1.311
1.334,4.468,-1.443,-1.104
-0.993,6.056,0.662,0.475
-1.373,5.010,-0.020,-0.242
4.428,3.522,0.277,1.736
5.539,5.068,-0.597,-0.009
-4.964,7.050,4.801,0.090
2.763,4.583,3.068,1.069
0.810,4.140,-1.831,-0.961
6.730,5.780,-3.914,-0.227
3.290,4.538,-5.650,-1.321
5.029,3.953,1.155,-1.446
4.966,4.114,-0.863,-0.550
5.219,3.965,2.506,0.265
0.984,5.628,-0.997,0.048
5.747,4.960,-1.426,1.590
0.727,3.902,-0.344,-1.564
-0.725,3.214,-3.723,-0.346
5.208,5.352,3.879,-0.154
-2.868,5.490,-3.355,1.254
-3.546,4.314,0.682,-1.457
-3.138,4.441,-1.633,-0.772
-0.226,3.520,-2.548,-2.080
3.669,5.415,3.637,-0.855
4.459,4.486,-0.907,-0.727
-0.180,4.977,-3.679,0.543
6.168,4.735,-5.290,0.368
1.288,4.383,0.910,1.642
1.162,5.086,-0.784,1.132
0.391,3.823,1.861,0.814
-1.056,3.469,-1.701,-1.433
-1.249,4.541,2.703,-1.681
-3.862,4.974,2.513,0.024
0.674,4.934,4.976,-1.452
0.363,5.686,1.857,-1.087
0.763,4.949,2.322,-0.348
1.521,5.899,-5.046,0.215
1.071,6.342,3.794,-1.185
1.570,4.209,5.612,0.752
3.828,5.401,-1.319,-1.052
1.444,5.344,-3.071,-0.091
0.661,4.891,-1.792,1.668
-9.730,6.685,-3.202,0.411
3.964,5.472,3.501,-0.880
2.108,4.862,5.403,-1.850
2.080,2.901,0.328,0.726
-2.050,4.371,-0.693,-1.459
0.400,5.094,3.327,0.476
-0.280,6.307,-1.453,-0.410
2.384,5.490,-2.269,-1.516
2.627,6.469,3.539,-0.355
-4.584,4.196,-7.501,-0.590
-8.477,4.660,1.646,-0.506
1.444,3.832,2.509,0.295
-0.365,5.923,-6.308,0.489
2.638,5.361,1.496,-0.318
8.518,4.715,-2.140,1.512
-3.732,7.146,-4.901,0.317
-1.915,6.366,4.817,0.288
-0.388,6.203,-2.798,0.005
10.850,3.680,-2.912,0.527
-2.307,4.900,0.939,-0.511
7.241,4.641,2.249,0.686
3.123,4.703,-4.358,0.801
1.942,5.969,-1.592,-0.174
1.688,5.747,2.033,-0.333
-2.739,2.810,3.241,-1.582
-1.487,4.735,2.265,0.607
-0.440,4.115,1.564,-1.553
-4.726,5.276,-1.139,-0.039
-0.560,4.629,-0.144,-0.111
0.610,5.302,-0.153,0.734
3.742,5.560,2.247,2.657
1.246,3.672,2.741,-0.245
-0.223,5.476,-4.483,-1.959
3.702,5.121,-5.148,-0.343
-0.443,6.443,5.107,0.283
-2.158,4.416,4.996,-2.420
9.531,4.608,3.083,1.632
2.167,4.700,-0.125,1.354
0.352,4.525,-0.098,0.286
-3.002,5.180,-1.796,-0.768
-1.627,5.673,6.584,-0.085
1.874,5.037,-0.273,-1.667
-3.213,5.244,0.413,1.615
-5.247,5.361,-1.518,0.519
-3.064,6.848,1.992,0.082
-2.471,4.847,0.381,-0.307
-4.417,4.846,4.493,-0.255
-1.786,5.853,4.056,0.180
3.051,4.975,-0.943,-0.201
-4.297,4.878,2.728,0.260
-2.618,5.656,-7.204,-0.417
-3.932,3.975,-2.022,0.684
-0.295,5.001,-2.457,1.588
-5.518,5.368,-4.036,-0.841
2.465,5.240,-5.544,-0.150
-0.692,5.772,3.245,0.769
-4.470,3.848,-1.362,-0.021
2.137,5.459,-3.020,-1.155
4.060,5.833,-5.934,0.459
-3.984,6.701,1.038,0.644
0.053,3.927,2.776,-0.275
-1.829,4.938,-2.510,0.817
-1.774,6.033,1.562,-0.290
0.526,3.480,3.049,-1.457
-0.223,5.253,1.576,1.669
-0.827,4.664,-4.213,-0.502
1.333,4.678,-0.756,1.179
-7.219,6.418,0.563,0.168
5.670,4.988,-1.959,0.008
1.050,4.611,0.674,1.539
-0.235,5.889,-4.664,0.714
4.087,3.629,-2.654,-0.292
3.687,4.163,-1.260,-1.985
-0.022,4.051,3.446,0.509
-4.954,4.195,2.069,0.943
-3.200,3.796,-0.455,1.533
3.131,5.081,5.699,-1.149
-0.085,5.504,2.268,0.311
2.971,5.008,0.381,-0.489
-4.081,3.795,1.017,-1.680
4.535,2.955,-1.020,0.705
-3.267,4.865,0.872,-1.407
0.408,4.322,0.351,-0.136
0.530,7.049,-2.427,-0.332
1.815,5.371,2.358,0.632
1.835,5.428,0.543,-0.975
1.156,4.194,1.493,0.243
3.847,5.243,-1.015,1.433
-6.289,4.097,1.174,0.571
0.411,5.979,1.961,0.898
1.027,6.169,-1.055,0.011
4.684,5.634,-2.464,1.674
4.168,5.996,-4.178,-0.937
0.541,5.148,0.040,0.061
0.540,3.420,-2.359,2.823
3.204,4.194,0.713,-1.028
-2.190,5.502,3.400,1.380
6.180,7.368,0.323,-1.384
-3.085,6.383,2.899,0.282
0.966,5.803,-0.175,-1.273
0.530,4.820,1.723,-1.465
2.915,5.736,-4.614,-0.205
-2.649,5.421,-1.166,0.838
-2.691,5.153,-0.634,-0.488
-0.945,5.886,4.236,-1.158
7.161,5.899,-0.203,-1.060
4.340,4.063,-2.526,0.666
1.813,5.913,5.147,1.082
-1.218,3.280,0.590,-0.143
-1.452,4.811,0.544,0.867
1.996,5.022,-0.352,0.453
4.083,2.937,1.380,0.650
4.485,6.377,0.902,1.074
4.854,3.195,-2.327,-0.461
6.774,6.041,0.829,2.683
-5.024,5.294,-1.846,1.234
1.765,6.297,4.899,0.860
6.810,5.010,-0.215,0.116
1.555,3.289,6.271,0.241
3.300,4.232,0.963,1.136
3.456,6.298,0.294,-1.242
0.704,4.881,-1.314,0.315
-1.128,4.713,1.288,-3.156
2.168,4.535,-1.173,-1.274
-1.609,5.667,2.773,-0.390
0.842,3.624,3.489,1.487
2.113,4.730,-0.867,-0.938
3.477,3.696,4.408,-1.007
1.479,6.052,-3.119,0.930
2.188,4.966,-0.191,0.340
3.647,5.930,-3.005,-0.240
-4.523,5.080,-2.172,-1.190
0.091,5.018,3.774,-1.109
-0.831,7.127,5.407,-1.058
2.117,5.949,0.476,1.314
-2.171,5.628,1.421,-0.508
1.063,5.393,-2.624,0.400
1.274,4.290,1.064,-0.127
5.411,6.087,-5.747,0.996
-1.679,4.926,4.791,-1.469
3.091,5.600,-2.650,-0.995
-5.494,5.042,-0.892,1.583
2.241,6.047,2.089,1.078
0.968,4.613,-1.357,-2.495
-0.453,4.861,1.365,0.657
3.413,5.435,4.630,-1.000
0.684,2.887,-1.670,1.154
1.623,4.786,4.637,-0.617
-1.785,4.220,2.348,0.168
6.421,5.595,-1.632,1.738
2.845,3.832,1.565,-0.645
1.508,2.566,2.830,0.323
3.700,4.874,-3.280,0.462
3.086,4.789,-4.505,1.391
-0.808,3.728,-5.531,0.562
-0.704,4.345,-4.071,0.676
-0.545,6.066,-2.456,-0.640
5.169,5.577,4.133,-0.984
6.652,4.993,3.944,3.135
-5.314,3.853,3.980,-0.247
6.222,5.450,-3.808,1.396
-0.531,4.300,4.121,-1.176
6.425,4.927,-5.794,-1.004
-2.855,6.567,0.543,-1.050
-1.304,5.268,-1.566,-1.090
-5.320,4.085,-2.519,-0.508
2.224,3.936,-1.948,-1.139
2.903,5.747,6.057,-0.852
1.816,4.385,2.885,-0.242
0.303,6.269,2.679,1.242
0.321,5.029,-1.191,0.455
0.800,5.403,3.174,-0.312
0.661,4.865,1.556,-1.388
3.497,5.337,1.709,0.625
-2.403,3.829,0.526,1.241
4.313,4.820,-2.993,-0.875
1.050,4.655,1.164,-0.098
-4.949,5.054,-0.159,-0.819
9.046,5.997,2.306,0.564
1.168,5.388,0.594,0.103
-0.987,5.508,-1.504,-1.012
-4.073,5.551,-0.186,0.996
-3.739,4.655,1.622,0.400
-3.909,2.788,-2.234,1.141
-0.694,3.792,-3.956,-0.593
2.545,4.862,0.348,-0.542
0.737,3.310,0.542,0.440
1.263,4.940,0.125,-1.262
4.134,5.316,0.227,-0.569
1.650,5.321,-3.164,-2.063
2.008,6.399,-3.140,0.778
-1.924,4.951,0.357,-0.683
0.943,4.482,0.935,-0.404
5.341,4.958,0.719,-0.126
2.899,5.547,1.552,-0.956
1.772,5.304,-0.040,-1.344
-1.276,6.067,0.735,0.725
-2.655,5.258,-0.721,0.383
5.306,6.738,-0.663,-0.334
4.928,5.262,-1.853,-1.599
2.201,4.179,2.048,-0.016
1.984,4.875,-1.462,0.082
-2.909,5.329,2.486,0.351
4.625,5.385,3.006,0.697
-1.585,5.975,3.821,-0.845
-3.684,6.426,1.759,1.407
0.285,5.346,-3.626,-1.033
-1.003,7.535,-0.078,0.803
6.413,5.381,4.033,0.323
0.186,5.418,0.675,0.050
1.957,5.757,3.275,-1.115
2.447,5.221,2.150,0.467
3.662,6.761,-1.803,1.318
3.884,5.389,-0.524,-0.518
0.634,4.832,-4.730,0.836
3.183,3.734,0.541,0.242
3.370,4.368,-3.808,-0.422
4.648,5.948,-1.038,-1.040
-2.207,5.215,-0.386,-1.041
1.995,5.474,0.690,0.117
3.439,5.200,-1.664,-0.338
0.702,3.622,-0.200,-0.237
-3.538,6.105,-4.303,0.060
2.897,4.066,-0.810,0.212
-2.295,5.082,-1.012,-0.195
-1.578,4.698,-2.072,-0.097
-1.485,3.197,0.822,-1.243
-4.271,3.907,5.166,2.441
-0.615,4.717,-3.901,-0.014
-0.912,4.503,-1.543,-0.171
5.444,4.337,0.882,0.015
6.752,5.983,3.872,-0.489
2.841,4.842,-1.034,0.825
5.781,4.610,1.984,0.213
-4.358,6.657,-0.982,-0.206
-3.060,2.680,-3.252,-0.212
10.147,4.954,-0.742,-1.281
0.506,4.535,1.779,0.253
0.979,3.338,4.395,1.254
5.820,3.934,-0.504,0.558
1.214,6.595,-0.057,-0.226
2.780,6.956,0.561,-0.085
-0.975,5.549,0.188,-0.276
8.067,3.972,1.645,1.437
-5.430,6.029,1.120,1.039
1.706,4.910,5.313,0.607
-0.678,4.069,0.661,1.611
0.512,4.421,-0.068,0.463
-3.771,4.856,-3.049,0.742
8.755,3.534,-3.278,2.087
5.973,6.152,2.908,1.588
2.797,4.897,-0.511,0.086
-1.683,6.882,-3.238,0.475
-0.341,4.811,-3.948,0.205
0.349,4.707,-4.344,-0.469
7.658,8.039,1.610,-0.407
1.046,5.036,2.222,-0.285
0.020,6.487,-5.516,-0.197
0.105,4.112,-2.060,-0.936
2.851,4.818,-3.328,-0.296
2.099,3.103,-6.320,1.512
-0.410,5.652,2.019,0.960
5.228,4.817,-2.257,0.558
5.326,6.197,-1.460,-1.126
-0.263,4.720,0.111,0.419
-0.197,5.311,-2.577,-1.253
3.848,5.441,2.090,-0.127
0.388,4.038,2.517,-1.004
-1.163,5.214,-0.623,0.745
2.383,4.268,1.512,-1.821
5.531,5.051,-6.631,0.779
3.164,5.292,5.148,-0.772
2.615,4.828,0.610,2.055
0.415,5.592,-4.925,0.413
-1.554,4.820,-4.645,0.707
3.619,4.447,-0.505,-0.076
1.136,5.616,0.205,-0.002
-1.257,4.689,3.227,-0.389
0.765,6.413,1.657,1.252
0.798,4.667,-0.335,2.879
4.188,4.454,-0.818,-0.741
5.475,5.699,-6.488,0.138
2.173,6.537,1.861,0.470
1.096,4.150,8.450,1.665
-2.024,5.128,0.247,0.134
-1.172,4.958,-0.863,0.979
3.900,3.917,-2.360,-1.067
1.128,5.281,-3.044,0.566
4.309,4.900,-1.378,-0.679
-5.001,6.137,5.454,-1.379
3.644,4.308,1.047,1.364
-2.874,4.982,-5.322,0.070
-0.997,4.464,0.299,1.319
3.421,6.114,-1.201,0.216
1.425,5.802,3.047,-1.216
-0.002,3.448,2.432,-0.031
-2.629,5.894,-2.749,1.375
-4.331,4.317,-1.801,0.318
3.736,6.612,1.382,0.677
-0.473,5.177,0.519,1.360
-2.873,4.644,1.467,0.022
-0.745,6.509,-0.046,-0.107
-3.258,4.985,-0.865,0.135
1.531,3.740,4.393,-0.709
-0.524,3.437,2.011,0.512
-1.302,5.380,3.441,1.013
2.332,4.153,2.378,1.546
3.465,4.748,3.877,1.758
5.765,4.943,0.023,-0.591
-4.335,5.488,-2.377,-0.935
-4.264,3.222,-2.145,0.906
-4.454,6.766,-2.699,1.017
4.996,4.926,1.446,-0.910
0.115,4.699,-1.693,-0.393
0.247,5.475,1.905,0.428
3.429,5.891,5.390,-0.289
-1.390,5.710,-3.503,0.979
0.068,4.205,1.182,2.441
0.332,4.387,-2.163,0.814
-1.143,5.459,-0.377,-0.183
0.242,4.964,-0.159,1.643
-0.172,3.788,1.621,0.116
-1.605,4.377,0.277,-1.364
4.359,6.433,2.872,0.858
2.303,3.314,1.067,0.381
2.036,5.236,-0.737,1.645
3.642,4.997,1.688,-0.758
-0.400,5.595,-3.250,0.893
2.875,5.198,-6.222,0.042
-1.593,5.107,2.044,0.267
5.790,4.213,0.192,-0.244
-3.660,3.622,-3.306,-0.070
3.398,4.701,2.147,0.524
2.718,4.577,-1.607,0.363
6.478,5.925,1.861,0.771
1.691,5.015,-3.871,-0.865
5.225,5.861,-1.641,0.640
2.060,5.039,3.241,0.482
0.923,5.607,1.257,0.100
2.956,5.594,1.627,-1.144
1.779,4.969,2.036,-0.387
3.115,2.805,-4.675,0.405
-0.557,4.220,-3.683,-0.570
3.306,4.630,1.963,1.106
-1.747,5.929,0.553,0.280
1.223,3.865,-0.144,-0.787
0.669,4.666,-0.747,0.001
2.146,4.724,-1.271,2.009
-7.609,5.420,3.976,0.148
3.852,6.456,-4.277,0.469
-4.931,5.488,0.547,0.367
0.983,5.512,-4.457,3.041
1.584,5.362,1.276,-0.073
-0.117,4.251,2.087,-0.916
2.223,6.554,-4.044,0.623
2.960,5.159,0.640,0.086
2.663,5.317,4.092,-1.435
-1.407,6.211,-0.378,-0.403
3.170,3.440,-5.971,0.966
-0.216,4.905,-3.700,0.386
-2.473,4.848,-1.233,-0.662
2.730,5.572,-1.874,2.377
1.054,4.327,-0.241,-0.114
-4.022,5.301,0.339,-1.268
2.679,5.379,3.313,0.121
1.256,5.609,-2.768,-0.079
2.016,6.135,0.795,0.998
-0.149,4.986,0.589,0.637
-0.690,4.181,-1.000,-0.167
-0.573,2.963,5.612,-0.881
2.973,5.289,1.786,0.647
-0.185,4.625,2.834,-0.269
2.830,6.487,2.158,1.508
-2.147,4.379,3.149,-0.779
-0.419,4.766,2.487,-1.068
0.486,3.804,2.901,-0.390
1.398,6.491,-1.954,0.508
-0.254,4.757,5.813,0.063
7.595,5.307,4.132,0.378
0.208,7.314,3.710,-0.510
3.288,4.263,-3.445,-0.097
-4.234,4.090,-2.619,-0.112
-9.582,5.094,5.026,-0.639
1.323,4.530,-2.544,-2.409
-3.347,5.374,0.591,0.596
3.017,5.563,-0.774,1.084
2.327,3.691,-3.180,0.102
-0.717,3.008,0.624,1.617
3.285,7.391,-0.226,0.970
3.679,4.533,-0.133,1.323
2.926,5.041,2.180,-0.657
1.483,4.337,-1.900,-0.602
-0.089,4.073,-0.611,1.921
2.026,6.600,-2.837,1.293
-3.047,4.865,-0.159,0.078
2.857,4.616,3.713,-0.016
0.590,4.756,2.530,1.017
-2.705,5.049,2.570,1.627
0.247,4.737,2.355,-0.102
-2.539,4.343,0.702,-0.016
4.945,5.964,2.125,2.267
4.499,6.395,1.090,0.465
2.692,4.132,1.055,1.158
0.169,5.071,-1.660,-0.212
3.213,3.916,-4.066,-0.189
4.970,5.091,1.469,0.271
3.051,4.579,4.066,0.664
-2.796,4.042,4.738,-0.603
5.616,6.413,3.392,-0.485
1.574,4.463,4.004,0.054
5.076,2.895,-2.031,-0.017
-3.074,5.641,1.338,0.096
2.050,3.758,-4.882,-0.417
-0.153,5.710,-1.988,1.473
0.495,5.323,4.011,-0.251
-1.191,5.258,2.496,0.770
0.077,4.824,-2.738,0.758
3.078,4.067,3.036,0.134
2.499,6.627,-2.990,-0.569
-5.923,4.757,-1.505,0.440
0.470,3.354,-0.161,-1.507
0.702,5.232,-3.871,1.150
-4.365,7.078,-1.044,-0.398
-3.344,3.755,-2.395,0.176
4.280,5.640,2.657,-0.513
-0.474,5.763,1.572,0.401
-1.351,5.434,1.344,-1.612
-1.295,5.798,1.958,0.515
-1.630,4.048,2.704,-0.556
1.738,4.582,-0.015,2.157
-1.749,6.572,-1.892,-0.944
2.780,5.393,1.032,-2.823
-4.471,5.166,-3.419,-3.392
-0.109,4.910,1.493,0.374
3.923,4.051,-3.593,1.601
-4.934,3.809,-0.518,0.174
