-3.536,2.871,-4.903,6.205
-3.220,1.699,-3.849,2.796
-2.687,0.363,0.105,4.393
-4.503,1.049,-1.370,2.107
-4.068,2.315,-1.692,5.339
-2.807,0.463,-2.179,5.062
-2.056,1.869,-5.645,4.409
-3.699,0.362,-5.134,4.910
-4.126,0.569,-6.448,4.033
-0.883,1.053,-5.366,4.781
-3.062,0.547,-4.548,4.195
-1.994,2.244,-2.666,3.364
-2.327,1.785,-9.846,3.537
-4.568,1.349,-8.150,3.508
-3.652,0.847,-5.762,4.717
-2.293,0.848,-2.318,4.009
-3.959,-0.121,-5.108,3.410
-1.602,-0.569,-4.126,5.678
-3.182,0.556,-1.328,2.250
-0.772,0.570,-3.631,4.205
-3.166,0.842,-2.987,4.400
-3.873,0.318,-7.175,3.130
-2.858,0.530,-1.971,3.765
-2.277,1.808,-8.048,5.909
-0.670,0.391,-2.651,3.437
-4.318,2.104,-4.823,5.642
-3.161,1.609,-4.037,3.855
-4.469,0.263,0.446,4.006
-4.131,0.905,-3.869,4.959
-3.486,1.558,-7.559,3.233
-3.499,0.620,-3.081,4.609
-2.461,0.943,-5.153,3.728
-2.892,0.676,-5.310,3.100
-3.469,-0.964,-3.370,5.655
-3.164,0.068,-2.466,4.419
-3.272,1.628,-4.446,2.888
-2.723,0.835,-3.641,3.633
-4.122,2.359,-5.390,3.572
-4.287,1.423,-6.447,2.946
-3.755,0.947,1.268,4.528
-2.194,0.721,-7.866,4.742
-2.895,2.598,-3.789,4.544
-3.685,1.006,-7.340,4.767
-2.734,1.560,-6.158,5.145
-2.696,-0.276,-7.064,2.704
-2.713,0.427,-0.764,4.509
-2.207,0.298,-5.937,4.453
-2.812,1.063,-4.917,2.696
-4.715,-0.189,-8.310,2.464
-2.672,0.171,1.047,4.209
-3.836,0.963,-2.095,4.537
-2.022,1.192,-9.984,3.834
-3.536,0.470,-4.100,3.854
-3.499,0.077,-6.110,5.849
-3.907,2.176,-0.685,3.927
-3.931,0.025,-3.069,3.539
-2.945,0.577,-7.306,5.076
-2.742,-0.113,-4.808,4.928
-2.459,0.435,-5.540,3.580
-3.085,-0.800,-6.888,4.084
-3.488,1.808,-5.432,2.351
-3.242,2.613,-5.909,3.913
-4.378,1.330,-6.663,3.890
-1.915,1.684,-1.796,3.155
-2.620,1.321,-4.476,4.043
-3.928,-0.435,-2.184,3.584
-3.158,-1.367,-4.533,5.203
-3.054,1.880,-10.454,4.270
-3.306,1.062,-6.652,4.296
-4.026,2.029,-5.248,4.249
-2.464,0.663,-5.148,3.353
-3.372,1.538,-0.624,3.967
-3.125,1.121,-5.784,4.471
-2.145,1.621,-3.014,3.661
-3.615,1.705,-5.622,3.262
-2.095,2.480,-6.065,4.884
-3.491,1.398,-8.315,4.618
-1.484,0.563,-3.058,3.500
-2.020,1.673,-1.321,3.765
-2.660,1.445,-8.207,3.906
-3.311,-0.108,-3.061,4.065
-2.412,0.734,-6.952,2.963
-2.991,0.657,-4.531,4.805
-2.676,1.239,-5.384,4.916
-3.957,0.837,-2.758,3.144
-3.219,1.218,-2.452,4.545
-2.037,1.176,-8.559,2.408
-2.558,0.705,-5.442,4.258
-2.121,1.644,-3.482,3.899
-3.016,-0.505,-3.731,3.315
-1.717,-1.155,-4.089,4.336
-0.854,1.137,0.856,4.592
-2.020,0.714,-7.027,4.290
-2.644,0.586,-3.935,4.392
-2.117,2.107,-7.888,3.670
-4.365,-0.509,-5.149,4.637
-2.711,2.473,-2.592,4.372
-0.785,-0.169,-4.462,5.440
-4.176,0.355,-4.661,3.750
-3.141,0.866,-5.758,3.450
-3.191,0.295,-0.662,3.645
-2.896,4.006,-7.787,4.403
-1.446,-0.160,-5.934,2.896
-5.898,-0.275,-6.949,4.166
-2.112,1.484,-3.001,2.092
-1.540,0.969,-6.960,3.831
-2.861,1.266,-3.758,5.498
-1.630,1.712,-8.150,3.113
-2.622,1.135,-5.429,3.563
-3.081,0.044,-3.829,3.797
-2.344,1.277,-8.193,2.956
-3.492,2.467,-5.254,3.642
-0.477,0.384,-3.282,4.142
-4.014,1.824,-1.436,3.919
-1.137,1.940,-8.371,3.391
-5.096,0.218,-2.072,2.960
-1.841,1.294,-4.999,4.294
-3.106,0.594,-3.587,3.568
-3.756,2.154,-0.132,2.169
-2.866,0.020,-5.493,5.722
-3.247,-0.122,-3.761,4.565
-4.032,1.471,-7.027,3.381
-3.019,1.483,-1.980,1.639
-3.944,-0.119,-4.170,6.049
-3.465,0.690,-3.050,3.930
-2.399,1.215,-8.748,4.683
-2.648,0.405,-8.948,5.947
-3.021,-1.590,-6.147,3.994
-2.215,0.201,-2.955,3.750
-4.242,1.637,-4.474,5.271
-2.929,1.490,-6.932,3.423
-2.208,-0.825,-8.834,4.872
-2.941,0.621,-4.574,3.536
-3.549,1.229,-7.784,2.545
-3.943,0.148,-6.840,4.099
-4.000,1.448,-6.632,3.515
-3.749,2.712,-4.322,2.568
-1.737,1.531,-7.187,2.179
-3.884,0.205,-6.139,3.787
-2.707,1.512,-5.263,4.591
-1.964,2.607,-6.446,4.679
-3.576,1.095,-4.059,5.825
-2.228,0.217,-6.628,5.470
-1.795,1.209,-1.586,3.803
-3.281,2.056,-3.765,3.025
-4.049,1.846,-7.872,4.377
-2.530,0.562,-2.795,6.042
-3.164,2.886,-7.098,5.881
-3.825,1.844,-4.839,1.842
-1.647,0.565,-11.560,5.441
-4.159,-0.486,0.667,2.954
-1.412,2.589,0.466,4.108
-2.908,-0.606,-1.305,4.336
-3.958,1.706,-7.022,2.930
-3.979,1.325,-2.079,4.661
-2.440,1.928,-0.301,4.156
-2.833,0.873,-4.132,3.999
-4.155,1.192,-3.345,2.731
-3.366,1.296,-3.625,4.059
-2.156,0.632,-5.723,2.438
-2.694,0.281,-8.006,3.952
-3.388,-0.265,-2.889,4.239
-1.457,1.168,-4.986,3.441
-3.975,1.724,-2.234,4.083
-4.326,1.026,0.621,3.520
-1.921,1.983,-6.281,3.647
-2.101,1.278,-8.464,3.881
-2.540,1.682,-3.723,1.976
-2.210,2.800,-6.948,3.744
-3.023,2.357,-7.060,4.032
-2.095,2.070,0.119,5.678
-1.536,-1.040,-5.242,3.725
-2.619,1.503,-3.538,3.321
-2.703,0.407,0.162,3.620
-2.141,0.799,-7.407,2.953
-3.573,0.723,-3.894,4.725
-2.277,-0.295,-5.902,5.360
-2.129,1.525,-4.694,3.595
-3.185,0.219,-5.995,5.954
-4.790,0.420,-6.868,2.863
-3.457,3.091,0.531,4.312
-3.684,0.632,-2.780,5.351
-3.810,2.104,-3.947,3.297
-4.207,0.422,-7.710,3.960
-2.162,0.249,-2.406,5.637
-3.951,1.460,-5.905,5.089
-2.701,2.153,-5.564,5.250
-2.084,2.234,-2.883,4.148
-2.887,1.237,-3.535,5.879
-2.888,1.646,-3.249,3.196
-3.259,0.421,-9.980,4.139
-3.415,1.463,-2.270,3.959
-2.192,2.302,-0.832,2.747
-2.640,2.251,-5.605,2.569
-3.397,0.948,-7.520,3.557
-3.577,-0.091,-3.807,4.608
-1.923,0.865,-7.256,2.797
-1.216,0.013,1.093,4.148
-3.520,-0.701,-3.283,4.148
-3.941,1.737,-6.164,2.935
-4.426,1.057,-2.265,3.965
-2.481,1.162,-6.226,5.194
-1.860,0.775,-2.013,3.469
-4.013,1.305,-0.692,4.386
-2.740,0.371,2.021,3.917
-2.074,1.282,-0.017,4.357
-3.439,0.438,-4.438,5.098
-2.771,1.060,-2.111,2.763
-4.183,0.826,-4.418,3.823
-2.295,0.297,-6.560,3.900
-2.668,0.671,-6.342,2.349
-3.624,1.419,-5.256,5.241
-0.177,-0.430,-3.352,3.888
-3.078,0.850,-3.248,3.176
-5.328,0.623,-3.603,5.984
-2.462,-0.673,-4.680,3.152
-3.999,-1.114,-6.902,3.122
-0.857,2.255,-3.262,4.134
-1.105,2.289,-5.679,3.048
-3.494,1.778,-6.879,4.802
-3.564,1.565,-4.701,4.487
-2.642,3.210,-6.569,4.641
-3.074,1.019,-5.087,5.586
-3.716,0.551,0.879,3.342
-2.205,2.171,-0.064,3.507
-4.770,2.841,-4.041,4.647
-3.498,0.909,-1.684,3.255
-3.193,0.266,0.952,3.475
-4.200,2.425,-3.806,3.820
-2.070,1.036,-10.984,5.714
-2.757,2.329,1.994,6.490
-2.146,1.747,-3.237,3.444
-3.754,-0.125,-3.043,3.194
-2.997,0.748,-4.009,4.056
-2.947,2.081,-4.279,3.476
-1.877,1.560,-5.528,3.276
-6.049,0.864,-6.168,5.868
-3.545,2.356,-8.678,4.281
-3.793,-0.350,-3.792,5.153
-3.320,0.296,-6.878,0.606
-3.935,3.245,1.161,3.626
-1.977,0.555,-3.931,3.701
-3.613,1.877,-4.553,4.001
-3.448,0.600,-4.421,4.715
-2.171,2.796,-3.492,4.009
-3.586,1.028,-4.705,3.979
-2.514,0.436,-4.956,3.210
-2.879,0.268,-3.253,5.189
-0.874,1.788,-4.478,4.214
-1.816,3.794,-8.609,4.669
-2.052,0.377,-5.258,4.711
-4.425,1.927,-11.589,4.592
-2.638,0.847,-2.312,4.794
-3.470,2.293,-7.530,3.718
-1.866,-0.783,-7.142,4.171
-1.959,0.071,-6.582,5.021
-4.239,0.021,-7.726,3.308
-1.714,0.033,-1.489,4.572
-3.476,1.261,-5.194,6.291
-0.364,1.418,-2.716,4.352
-1.274,1.969,-2.437,3.217
-3.580,2.551,-2.799,6.137
-4.296,0.666,-8.533,4.519
-3.171,1.470,-7.666,4.197
-2.780,1.294,-5.275,3.861
-3.040,3.223,-5.023,3.870
-1.818,1.150,-4.630,2.220
-3.597,3.321,-3.228,4.930
-2.660,0.103,-2.013,3.953
-2.185,0.415,-2.230,3.740
-2.149,2.108,-11.066,4.756
-2.276,0.873,-5.330,3.681
-4.162,0.669,-7.339,3.757
-2.385,2.341,-3.840,2.989
-3.949,2.867,-7.347,3.941
-2.264,1.591,-3.286,3.805
-4.015,0.228,-3.048,3.462
-3.220,-0.346,-3.415,4.970
-2.819,0.257,-7.114,3.534
-3.227,0.495,-4.204,2.878
-2.935,1.601,-0.288,4.175
-2.189,1.887,-5.879,3.839
-2.944,0.591,-10.118,4.120
-1.874,2.279,-8.045,1.467
-3.295,0.614,-7.263,1.861
-3.671,2.632,-5.020,3.526
-3.025,0.740,-7.893,4.095
-1.842,1.019,-6.613,2.278
-2.928,2.736,-8.715,4.230
-5.345,2.699,-3.915,3.433
-4.230,1.471,-4.378,6.087
-2.933,1.807,-5.589,4.890
-4.481,1.668,-1.015,3.968
-5.124,2.801,0.409,3.653
-2.861,0.522,-3.391,4.665
-2.213,1.749,-3.161,3.200
-2.165,1.303,-2.927,2.006
-2.867,2.725,-4.713,4.719
-3.128,0.481,-4.370,2.374
-1.096,0.719,-7.969,3.566
-4.077,0.694,-5.672,4.683
-1.844,2.174,-6.295,4.594
-4.226,1.135,-5.298,5.603
-5.539,2.249,-0.616,5.639
-1.004,0.031,-2.209,4.339
-4.296,0.083,-2.897,3.997
-3.275,0.571,-7.968,3.426
-3.396,0.378,-7.427,4.389
-3.821,1.336,-3.679,4.730
-2.394,1.704,-3.581,4.056
-2.084,0.764,-3.809,3.088
-3.137,0.140,-11.630,4.602
-0.691,-0.023,-5.491,4.500
-3.497,2.476,-3.323,4.095
-4.789,-0.006,-6.756,4.329
-4.074,0.897,-2.785,3.974
-3.421,0.592,-4.014,3.279
-5.190,0.366,-5.613,3.668
-3.176,0.222,-5.548,1.289
-3.090,1.233,-6.808,4.248
-2.987,0.601,-7.323,3.568
-3.023,-0.426,-1.405,4.363
-3.746,1.104,-8.145,2.961
-5.067,0.889,-5.070,4.130
-1.289,0.116,-1.456,3.079
-3.045,0.963,-4.908,3.789
-3.361,0.878,-5.407,5.343
-1.765,2.014,-2.209,4.489
-1.634,-0.194,-5.101,4.408
-2.900,0.890,-2.497,3.896
-1.816,0.588,-5.795,3.765
-5.109,1.886,-4.799,3.205
-3.113,1.312,-7.550,5.128
-1.382,-0.181,-7.189,4.233
-2.614,0.925,-6.855,4.796
-1.995,1.070,-4.393,4.055
-2.563,0.696,-7.970,4.126
-3.672,1.204,-5.108,3.448
-3.184,2.038,-2.551,4.833
-2.074,2.101,-3.732,4.142
-4.587,1.373,-4.953,4.894
-4.093,2.284,-4.613,4.388
-2.786,-0.282,-4.984,5.361
-0.736,1.038,-5.416,3.220
-5.718,1.755,-3.100,1.330
-3.304,-1.098,-6.660,3.974
-1.283,2.003,-4.131,3.982
-5.922,1.845,-3.552,6.067
-2.439,-0.141,-7.040,1.847
-1.712,1.609,-4.717,3.786
-0.580,-0.736,-3.125,3.235
-2.207,0.506,-2.784,4.204
-3.023,0.800,-8.336,3.624
-2.704,-0.169,-1.687,3.601
-1.510,2.544,-5.969,3.272
-1.881,0.121,-4.197,5.199
-2.808,1.841,-7.838,5.262
-2.697,2.240,-5.650,3.666
-3.329,1.757,-5.431,2.584
-5.385,2.559,-5.627,4.892
-2.385,2.806,-5.075,3.823
-2.768,-0.234,-4.118,2.307
-5.127,0.035,-4.447,2.408
-3.632,0.910,-0.857,2.444
-3.344,0.646,-3.883,4.474
-1.259,0.702,-5.818,3.885
-5.359,2.017,-6.590,4.002
-1.914,0.135,-11.089,5.276
-4.298,-0.054,-3.346,4.145
-4.047,-0.561,-10.782,5.465
-3.759,1.878,-6.222,3.071
-4.369,0.410,-8.507,3.171
-2.806,2.330,0.255,4.761
-1.446,0.656,-2.929,4.535
-4.311,1.623,-2.894,4.590
-3.982,-0.144,-4.382,5.211
-1.660,1.259,-7.902,5.635
-2.914,0.486,-4.066,3.291
-2.760,-0.554,-7.771,3.919
-2.150,-0.290,-5.416,2.666
-2.773,-1.322,-2.589,4.309
-4.723,1.849,-3.253,4.664
-3.487,1.590,-7.526,4.287
-1.908,0.165,-4.930,3.463
-2.705,1.617,-4.189,4.569
-2.618,-0.323,-3.331,4.614
-2.144,1.962,-4.275,4.378
-1.665,-0.948,-4.390,3.992
-3.705,0.558,-2.554,2.994
-3.701,1.688,1.089,3.653
-1.364,1.624,-8.974,4.374
-3.514,0.636,-4.350,3.256
-3.200,0.210,-5.626,7.460
-1.151,4.087,-3.442,4.290
-3.680,0.265,-4.423,3.154
-2.834,0.085,-4.510,4.031
-2.208,3.072,-3.760,3.371
-3.267,2.320,-6.517,5.107
-3.202,1.913,-4.674,4.827
-2.710,0.697,-4.683,3.350
-2.761,0.766,4.447,6.617
-4.308,2.143,-2.126,5.098
-1.460,1.167,-5.128,3.702
-0.415,0.747,-2.714,4.320
-2.460,-0.644,-0.832,5.209
-3.965,1.556,-6.971,3.958
-2.913,1.909,-6.728,2.962
-0.312,1.163,-2.712,2.526
-1.430,-0.310,-2.298,4.595
-2.296,0.722,-7.183,4.063
-2.873,0.416,-5.115,3.236
-2.057,3.000,-3.716,4.653
-2.285,2.252,-6.734,4.046
-2.266,1.184,-3.757,5.404
-3.354,-1.440,-0.786,4.279
-2.054,1.612,-3.943,6.617
-2.697,0.359,-8.998,3.161
-3.383,1.767,-8.840,4.245
-3.012,1.672,-1.014,4.112
-2.324,0.852,-7.011,5.437
-3.001,1.926,-4.911,2.943
-4.022,1.306,-5.420,4.115
-3.474,1.442,-6.919,4.155
-3.454,0.620,-4.757,4.795
-3.215,0.809,-7.421,3.585
-3.707,1.966,-1.796,5.729
-1.336,2.362,-3.563,3.044
-2.770,2.163,-5.968,3.753
-3.098,1.388,-4.875,3.868
-3.096,0.600,-3.170,3.661
-4.832,1.569,-3.552,3.637
-2.412,-0.143,-4.651,4.552
-3.638,1.209,-6.203,4.760
-3.027,3.329,-5.572,5.309
-2.842,-0.069,-3.753,4.530
-1.828,1.414,-5.340,3.731
-3.572,1.599,-0.490,3.325
-3.686,1.134,-6.638,5.076
-3.088,-0.129,-5.004,4.853
-2.536,2.064,-4.539,3.737
-4.078,0.592,-3.597,4.424
-3.495,0.836,-6.505,3.605
-3.198,0.069,-8.999,4.322
-2.807,0.681,-4.133,5.089
-4.379,1.782,-8.745,5.573
-3.159,0.936,-9.204,3.565
-3.662,0.513,-4.658,3.647
-3.624,2.040,-4.538,4.172
-2.631,0.952,-8.647,4.568
-1.823,1.368,-9.775,4.497
-4.921,0.484,-3.810,3.123
-4.010,0.338,-5.139,4.191
-3.217,1.021,-3.639,3.040
-4.448,-0.991,-2.455,3.331
-0.264,2.192,-5.273,2.000
-1.752,0.802,-3.717,4.431
-3.400,0.877,-3.616,2.527
-3.066,1.214,-2.669,3.432
-3.972,1.847,1.253,3.971
-3.042,0.410,-5.949,5.314
-1.608,1.326,-10.146,2.056
-2.287,2.772,-7.201,4.454
-3.884,1.042,-8.636,4.176
-3.789,1.126,-7.923,2.364
-2.463,0.030,2.668,5.746
-4.503,0.615,-3.048,4.159
-1.223,0.075,-2.968,2.040
-3.625,2.344,-0.009,5.027
-1.137,1.392,-5.803,4.521
-1.872,0.455,-4.841,3.719
-4.666,1.205,-2.552,3.685
-2.922,0.962,-5.805,3.183
-2.385,-1.302,-5.461,3.529
-2.818,2.103,-3.805,4.005
-4.221,2.046,-3.948,4.739
-2.170,0.551,-6.401,3.380
-3.464,2.548,-7.282,2.806
-2.811,2.209,-7.142,2.158
-3.222,-0.120,-3.312,2.201
-1.548,0.502,-0.910,4.381
-1.707,2.776,-4.237,5.179
-2.913,1.801,-7.046,3.297
-2.521,0.689,-6.286,5.214
-3.667,1.702,-5.879,3.098
-2.624,1.871,-3.001,4.551
-3.077,0.309,-2.288,5.066
-4.375,0.685,-9.838,3.332
-2.343,0.170,-2.662,3.372
-3.937,0.723,0.871,6.044
-1.389,0.250,-1.205,4.045
-2.875,2.262,-2.472,4.401
-3.451,0.080,-0.381,3.809
-2.919,0.888,-3.969,4.236
-3.876,0.919,-2.458,3.593
-1.803,2.250,-1.056,3.676
-3.199,0.935,-1.144,3.764
-2.143,1.358,-3.246,3.804
-3.871,0.818,-5.888,3.191
-4.560,0.477,-6.956,4.108
-3.835,1.908,-6.636,2.858
-2.654,1.355,-0.639,2.964
-3.628,0.500,-2.781,3.548
-1.954,0.449,-3.931,4.940
-2.182,-1.268,-1.690,2.892
-3.044,0.725,-5.940,4.303
-3.160,1.362,-6.222,4.123
-1.788,0.660,-4.243,5.136
-2.853,0.966,-6.099,5.415
-1.816,0.773,-4.886,5.661
-1.626,2.137,-5.731,4.098
-3.789,1.062,-8.201,4.160
-2.826,0.648,-5.214,3.353
-2.628,1.783,-8.534,3.449
-1.431,0.924,-1.150,4.486
-4.658,1.342,-6.238,2.742
-2.590,2.442,-0.838,2.579
-5.233,0.940,-7.145,4.139
-2.492,1.445,-1.654,4.306
-2.177,1.411,1.067,3.655
-2.554,0.324,5.115,3.085
-1.794,1.831,-3.096,3.567
-4.320,2.102,-1.877,5.232
-2.888,0.286,-1.851,5.019
-1.548,0.196,-0.956,3.342
-3.663,0.741,-7.195,4.875
-3.050,1.080,-3.950,3.667
-3.443,0.908,-2.605,5.687
-2.405,0.715,-4.087,2.528
-2.113,2.688,-4.489,5.278
-3.580,0.286,-3.549,4.828
-1.760,1.537,0.483,2.115
-3.372,1.950,-10.767,3.354
-3.847,-0.824,-6.253,2.946
-2.783,0.349,-3.325,4.205
-1.639,0.753,-4.975,3.780
-3.651,1.499,-7.811,2.459
-3.191,0.312,-3.512,4.055
-4.373,0.775,-3.563,2.737
-2.250,1.375,-5.182,5.128
-2.514,1.230,-6.553,4.585
-1.876,1.064,-3.948,2.745
-3.564,2.307,-3.744,5.026
-3.667,2.541,-3.953,4.382
-4.260,1.050,-6.069,3.306
-3.795,1.987,-8.307,3.423
-4.121,1.039,-2.092,3.516
-4.398,1.789,-4.572,2.797
-1.634,1.048,-1.897,4.255
-3.460,1.954,-7.079,5.317
-1.716,-1.117,-5.544,5.081
-2.546,1.161,-7.714,3.069
-4.522,1.507,-4.008,3.071
-4.862,1.696,-6.481,4.570
-4.209,1.386,-9.323,4.037
-4.375,0.539,-3.793,2.587
-1.913,1.670,-3.225,3.477
-2.315,-0.217,-6.284,4.174
-4.551,1.316,-7.511,4.204
-0.809,-0.699,-8.706,3.406
-3.012,1.643,-6.643,4.306
-2.283,-0.203,-5.740,3.779
-1.834,-1.484,-4.710,3.784
-5.220,0.193,-5.657,3.597
-2.492,0.374,-7.705,3.834
-3.182,1.844,-2.567,4.550
-2.363,1.312,-4.991,3.568
-3.975,0.766,-5.037,2.884
-1.651,-0.098,-5.008,4.358
-2.333,1.209,-5.628,1.765
-3.654,1.599,-6.920,3.312
-4.800,-0.814,-3.407,3.844
-5.387,2.156,0.872,3.531
-2.098,3.148,-1.909,4.363
-2.803,0.519,-4.500,4.372
-3.410,-0.437,-0.776,3.585
-2.320,0.882,-5.112,3.602
-3.801,2.438,-6.362,4.730
-2.642,0.284,-7.797,4.540
-3.103,1.457,-4.671,3.261
-3.358,1.652,-7.552,4.958
-1.723,-0.474,-4.026,1.581
-3.688,1.987,-4.146,2.812
-4.309,2.989,-10.282,2.585
-2.938,1.639,-3.987,2.531
-2.968,0.064,-2.520,4.402
-4.351,1.013,-4.589,5.385
-2.667,1.279,-5.372,4.877
-2.492,0.935,-6.008,4.034
-1.672,2.288,-3.932,6.095
-5.187,2.351,-4.078,4.603
-4.065,2.042,-6.936,2.659
-4.391,1.535,-9.421,3.614
-3.337,1.789,-6.735,2.599
-2.794,0.409,-4.022,5.015
-2.772,0.955,-6.986,4.484
-2.495,1.829,-3.416,3.265
-2.741,1.095,-1.911,5.111
-2.399,0.498,-2.294,3.045
-3.873,1.139,-4.043,3.697
-2.511,-0.982,-3.903,3.898
-1.504,1.152,-5.650,2.788
-2.216,-0.634,-2.787,2.761
-2.348,2.186,-8.475,4.162
-2.504,0.006,-3.807,2.098
-3.753,0.837,-5.919,3.606
-4.059,1.647,-4.731,5.050
-3.407,1.968,-7.388,4.074
-4.617,0.234,-4.707,5.090
-3.271,0.276,-1.761,4.939
-3.641,1.279,-2.361,3.903
-3.353,2.034,-10.047,4.318
-2.533,0.201,-1.012,5.258
-3.785,1.126,-1.961,3.347
-1.924,0.424,-2.632,3.194
-1.644,0.420,-1.331,6.091
-2.164,-0.037,-5.997,3.816
-2.234,0.598,-8.048,5.458
-2.863,0.128,-3.082,4.118
-0.902,1.779,-0.502,5.668
-3.659,2.122,-6.992,2.965
-3.427,0.714,-6.542,4.989
-3.022,2.537,-4.310,4.333
-3.697,1.409,-4.865,4.864
-3.349,1.646,-4.509,3.564
-2.300,2.260,-7.421,5.444
-2.368,1.427,-5.187,4.894
-3.272,2.160,-4.452,5.188
-2.393,0.449,-4.391,5.048
-3.501,0.698,0.797,3.073
-3.469,-0.005,-8.656,4.847
-2.471,-0.821,-3.033,4.607
-2.563,0.056,-4.493,4.292
-3.579,-0.082,-6.512,5.087
-2.615,-0.615,-8.292,2.727
-4.303,1.172,-1.183,5.002
-2.907,1.070,-2.761,3.591
-4.238,0.632,-9.311,2.443
-3.007,0.812,-4.991,5.239
-3.748,0.868,-2.911,4.110
-3.636,0.665,-3.365,3.477
-2.115,0.298,-1.938,1.784
-2.463,1.991,-0.201,3.991
-2.136,1.920,-6.894,5.852
-2.568,-0.385,-4.416,2.785
-2.997,0.412,-7.599,3.634
-2.599,2.464,-5.867,2.944
-3.576,1.120,-9.539,3.031
-4.605,0.988,-3.513,4.065
-2.570,1.255,-4.202,4.663
-3.855,3.313,-3.021,3.302
-2.568,0.341,-6.409,3.927
-3.859,-0.406,-4.336,5.693
-3.125,0.347,-3.934,5.423
-3.031,0.718,-5.488,4.097
-2.744,1.280,-6.038,3.676
-2.979,0.861,-4.085,4.149
-3.684,3.168,-6.116,4.204
-2.599,0.669,-5.041,4.068
-3.633,1.352,-2.672,4.369
-2.080,1.137,-3.214,5.840
-3.465,1.074,-1.045,3.553
-3.103,0.597,-5.998,4.209
-1.340,1.515,-5.622,6.324
-2.937,0.743,-2.337,3.919
-2.867,-0.090,-4.419,4.090
-3.460,0.426,-7.621,2.277
-2.380,0.934,-6.615,5.689
-2.587,1.554,-2.686,2.764
-3.004,0.505,-7.613,3.335
-5.515,-0.199,-2.410,3.087
-2.902,0.375,-6.227,5.516
-3.461,-0.088,-8.075,2.705
-3.319,1.930,-3.362,5.893
-2.012,0.240,-2.024,4.828
-3.162,0.424,-7.175,5.493
-2.931,1.173,-5.278,3.713
-4.183,0.203,-4.866,2.993
-3.622,-0.451,-5.620,3.960
-1.864,1.398,-5.736,4.844
-4.155,2.240,-5.656,3.952
-1.393,-0.060,-2.943,2.898
-1.881,0.862,-4.367,4.103
-2.817,0.267,-2.399,3.794
-0.816,1.168,-1.996,2.215
-3.850,0.481,-10.583,3.944
-5.498,-0.914,-6.258,3.350
-1.715,1.197,-6.128,3.312
-2.714,0.560,-3.119,4.456
-1.784,-0.799,-1.512,4.325
-3.711,4.774,-4.372,4.664
-2.335,0.822,-3.895,5.213
-3.049,0.656,-3.910,3.927
-2.613,0.403,-4.609,4.358
-2.683,2.940,1.629,5.453
-2.520,1.045,-3.867,4.127
-2.459,-0.635,-3.010,2.988
-0.821,0.311,-3.117,5.145
-2.168,2.841,-3.566,2.038
-1.802,-0.393,-3.045,3.345
-3.780,-0.862,0.399,4.968
-3.631,1.560,-4.489,6.089
-2.100,3.190,-0.859,2.994
-3.185,0.976,-1.665,4.841
-2.000,-0.357,-0.464,4.905
-1.743,4.496,-2.658,5.533
-3.157,0.748,-4.007,4.635
-3.027,1.176,-7.988,4.889
-4.135,0.139,-6.986,3.327
-3.960,-0.351,-9.497,4.899
-4.517,1.092,-0.667,3.039
-3.712,0.612,-6.130,2.163
-1.632,1.274,2.920,3.845
-3.449,0.035,-2.983,4.560
-2.832,0.910,-0.660,4.395
-4.071,0.981,-4.431,3.515
-1.925,0.896,-0.757,3.326
-2.067,0.715,-2.059,5.833
-2.441,0.995,-4.263,3.045
-1.028,-1.088,-4.230,3.400
-3.347,0.810,-3.452,5.323
-1.727,-1.253,-2.748,3.958
-4.239,0.224,-6.743,5.507
-3.045,-1.184,-6.420,4.051
-3.909,2.115,-1.646,4.200
-2.719,0.523,-5.332,2.988
-3.937,-0.524,-7.239,4.227
-3.072,0.749,-8.251,5.127
-2.410,1.250,-6.303,3.526
-3.247,0.878,-1.756,5.871
-2.661,1.522,-3.011,5.620
-1.204,1.607,-2.434,4.193
-1.905,2.248,-3.364,2.926
-1.940,1.056,-9.024,2.834
-2.317,3.157,-2.070,4.085
-3.776,0.591,-3.041,3.917
-2.538,1.107,-10.820,3.601
-3.125,1.401,-9.130,5.071
-3.806,0.786,-8.226,5.192
-2.663,0.097,-4.986,3.495
-4.649,2.774,-4.888,2.720
-4.013,1.641,-8.239,3.083
-2.516,0.565,-1.463,4.385
-2.073,0.717,-4.892,3.502
-2.819,1.429,-7.251,4.225
-5.552,1.767,-7.314,3.953
-3.356,0.262,-5.347,2.482
-3.945,0.419,-5.068,2.337
-2.541,0.781,-1.062,3.338
-1.745,0.311,-4.719,2.877
-3.205,1.681,-3.636,2.692
-1.849,0.189,-5.542,4.610
-2.913,-1.095,-3.745,3.683
-1.842,1.380,-2.941,4.929
-3.499,2.863,-2.305,4.060
-2.491,1.721,-4.502,5.058
-2.430,2.782,-2.003,3.985
-1.945,0.338,-5.502,3.562
-3.988,1.700,-2.600,2.393
-2.316,0.612,-5.648,1.807
-4.675,-0.517,-3.700,2.610
-2.465,1.064,-5.454,3.748
-2.607,1.903,-0.741,4.219
-2.576,3.536,-7.051,4.135
-3.716,2.259,0.773,2.735
-3.246,-0.108,-2.690,5.252
-3.510,1.114,-6.425,3.105
-2.650,2.504,-1.753,4.039
-4.063,2.244,-1.525,5.487
-4.492,-0.130,-4.300,5.030
-3.857,2.057,-8.257,3.110
-3.132,1.238,-6.263,6.204
-3.064,1.117,-3.296,4.268
-3.949,2.354,-8.619,2.953
-3.011,0.422,0.990,4.598
-2.565,-0.326,-1.794,3.852
-4.007,-0.464,-2.308,5.543
-2.578,-0.407,-2.902,6.365
-3.231,0.420,-5.374,4.428
-2.153,0.233,0.921,4.126
-2.883,2.506,-1.874,3.221
-2.745,0.237,-4.128,5.022
-4.449,1.236,-5.885,3.446
-2.467,1.847,-5.847,3.135
-1.583,-0.029,-7.530,4.040
-2.877,0.025,-3.657,3.225
-2.674,1.772,-6.726,4.380
-2.375,0.911,-1.015,5.369
-1.922,1.859,-7.157,3.761
-2.010,0.890,-5.280,3.247
-1.419,1.660,-3.203,4.006
-2.746,1.317,-3.889,3.565
-3.779,1.342,-5.521,4.196
-2.562,1.205,-3.491,4.781
-2.255,0.147,-5.046,3.170
-2.661,0.244,-8.312,3.885
-3.445,1.631,-5.033,3.922
-4.336,2.153,-1.717,2.970
-5.099,2.191,3.444,5.081
-5.066,2.666,-0.317,4.141
-2.344,3.098,-8.685,2.975
-5.154,1.327,-2.684,2.727
-1.948,1.329,-1.577,3.127
-3.092,0.688,-5.407,2.798
-3.679,2.625,-4.530,4.382
-1.959,0.934,-8.434,2.704
-1.987,0.363,-4.155,5.698
-1.397,2.726,-3.684,5.044
-4.339,1.575,-6.473,3.763
-2.898,2.494,-1.684,4.330
-3.961,-0.216,-3.794,3.784
-2.911,0.881,-4.529,4.582
-3.144,-0.426,-4.442,2.824
-4.560,2.441,-8.999,3.721
-3.232,1.156,-7.213,4.575
-2.290,2.766,-0.750,3.615
-2.354,2.067,-4.745,2.884
-1.329,-0.063,-5.659,5.566
-1.711,0.046,-4.163,3.590
-6.005,1.264,-4.216,3.355
-0.320,0.647,-4.810,3.354
-2.827,1.293,-4.820,3.094
-3.094,1.968,1.346,3.500
-3.865,0.917,-5.106,4.399
-2.861,2.764,-6.194,4.306
-2.466,1.315,-6.486,2.722
-2.113,0.079,-5.051,3.752
-3.626,0.847,-6.012,3.325
-3.177,2.285,-3.858,3.393
-3.024,2.143,-3.346,2.066
-3.121,0.624,-1.672,3.620
-1.726,0.926,-7.080,3.259
-2.654,3.280,-6.361,4.052
-2.282,0.051,-8.704,2.804
-2.064,1.533,-2.856,3.756
-2.120,2.142,-5.554,3.006
-3.238,1.579,-6.767,3.227
-3.622,-0.196,-9.094,3.902
-3.800,-0.320,-4.691,3.685
-2.615,0.764,-0.514,6.718
-3.567,0.298,-5.313,3.264
-4.641,0.426,-4.737,3.204
-2.596,-1.053,-8.706,3.741
-2.279,2.139,-8.227,4.176
-4.040,2.214,-2.253,3.567
-2.397,1.672,-1.097,2.716
-1.898,1.524,-4.110,4.087
-3.114,0.117,-3.617,5.097
-4.800,0.772,-2.276,3.494
-3.036,1.077,-4.819,4.684
-5.013,0.608,1.390,3.944
-3.367,-1.844,-0.900,2.550
-2.771,-0.275,-2.466,5.544
-4.253,2.344,-3.256,4.340
-1.978,0.903,-10.872,4.681
-3.496,0.471,-3.069,3.943
-3.465,2.069,-1.267,4.890
-4.467,0.870,-6.074,3.212
-4.329,1.399,-8.702,6.236
-2.072,1.450,-4.518,3.361
-1.927,1.889,-0.089,4.935
-3.216,0.570,-6.411,5.370
-2.658,0.715,-6.540,4.580
-3.017,2.289,-5.344,3.472
-1.999,1.035,-1.152,4.118
-4.121,1.001,-2.621,5.361
-4.327,-0.201,-5.155,2.189
-3.185,1.663,-6.985,4.034
-3.868,2.276,-2.335,5.312
-0.957,0.445,-2.498,4.845
-3.348,0.721,-1.878,4.075
-1.763,0.444,-7.360,4.589
-3.625,1.202,-3.341,3.249
-3.970,1.660,0.461,3.060
-3.127,-0.477,-5.874,2.772
-4.623,1.265,-6.737,4.665
-3.224,2.114,-2.819,3.975
-2.347,1.968,-0.304,4.829
-3.367,-0.066,-6.399,3.138
-3.588,1.277,-8.333,3.651
-4.033,-0.717,-4.441,4.311
-3.285,1.240,-5.558,5.815
-2.152,0.098,-3.498,4.759
-1.498,-0.365,-1.837,5.481
-2.264,1.310,-9.396,1.553
-2.600,3.171,-5.417,3.101
-3.790,1.863,-7.907,1.355
-2.670,0.190,-0.707,4.583
-2.493,1.267,-3.968,3.606
-1.888,2.601,-5.711,3.205
-4.156,-0.406,-4.816,3.095
-2.025,-0.310,-4.163,2.718
-3.814,0.438,-3.260,3.400
-3.035,1.069,-7.577,3.869
-4.173,2.376,-6.296,3.875
-4.174,0.517,-12.185,4.546
-2.479,2.250,-5.324,4.687
-1.297,0.387,-7.885,5.095
-5.464,1.568,-5.530,3.584
-3.026,0.550,-7.741,4.071
-2.504,0.199,-5.091,4.795
-2.521,1.698,-11.359,4.000
-0.698,2.570,-5.222,3.779
-3.444,0.968,-7.973,6.880
-3.141,1.095,-8.883,4.905
-3.402,1.976,-1.191,5.230
-1.825,2.850,-5.914,3.473
-2.252,2.915,-7.113,4.204
-5.253,1.409,-4.556,3.343
-3.839,0.542,-4.010,4.278
-4.282,0.312,-2.247,4.981
-4.061,1.578,-1.420,2.989
-3.884,1.142,0.267,2.397
-2.328,1.390,-4.058,2.984
-2.267,0.501,-0.384,4.220
-2.943,0.770,-0.176,5.240
-1.763,-0.133,-4.628,5.121
-3.313,1.852,-5.429,2.701
-2.399,1.277,-0.534,4.267
-2.290,1.700,0.436,6.121
-6.085,1.960,-6.615,3.443
-3.452,0.683,-5.882,2.080
-2.641,0.542,-5.696,5.646
-3.703,2.429,-5.124,4.698
-2.398,0.592,-4.046,3.921
-2.647,-0.679,-3.585,2.550
-1.223,-0.307,-5.395,3.638
-3.797,1.778,-7.165,5.822
-3.536,1.414,-2.129,2.989
-3.725,0.228,-6.278,4.140
-3.129,-0.495,-6.933,4.785
-3.814,1.167,-6.578,4.587
-3.696,2.284,-1.557,4.819
-3.610,1.830,-8.080,3.846
-1.861,0.480,-4.941,5.627
-3.637,3.061,-2.929,5.458
-3.756,1.201,-5.216,4.987
-2.227,2.037,-0.532,3.140
-3.608,-0.651,-3.733,4.766
-2.107,0.229,-9.282,4.050
-3.389,0.558,-0.758,4.245
-2.045,2.267,-3.697,4.297
-1.543,1.726,-5.579,5.640
-1.199,0.804,-3.701,4.318
-2.514,0.420,-2.225,3.014
-3.432,0.651,-2.088,3.991
-3.374,1.606,-6.116,4.370
-0.947,-0.482,-5.663,4.763
-2.788,1.682,-3.915,5.261
-2.625,0.685,-1.528,4.315
-2.960,0.445,-4.566,3.186
-3.216,-0.153,-3.889,4.836
-2.566,0.431,-7.399,3.307
-2.587,1.291,-6.791,4.742
-2.339,-0.777,-4.331,5.239
-4.608,0.361,-2.288,4.964
-3.290,1.350,-5.857,3.559
-3.386,1.799,-3.856,3.481
-2.587,0.594,-2.312,3.870
-3.887,0.844,-2.361,4.040
-3.346,1.234,-1.519,4.013
-3.075,-0.217,-2.927,3.641
-3.431,1.629,0.763,3.681
-2.166,1.549,-1.899,2.136
-4.685,-0.877,-5.545,2.768
-3.298,1.191,-4.322,3.391
-1.731,2.435,-3.124,3.647
-4.288,3.386,-3.984,3.426
-2.037,0.479,-6.399,5.648
-2.727,1.388,-0.795,6.119
-2.112,2.513,-5.847,2.940
-1.937,0.450,-6.764,5.604
-1.104,1.639,-8.041,4.553
-3.740,2.576,-5.762,5.253
-2.844,-0.574,-6.948,5.777
-1.619,1.821,-5.403,3.970
-2.629,1.719,-6.132,3.674
-2.122,0.704,-3.086,3.980
-2.765,1.128,-2.014,3.112
-4.229,1.898,-4.783,2.527
-1.578,0.930,-4.686,3.868
-2.437,0.380,-6.259,3.716
-2.955,0.494,-7.059,5.348
-3.360,0.397,-3.600,2.707
-2.786,1.950,3.616,3.401
-3.185,0.640,-5.708,3.913
-2.966,1.356,-1.435,4.319
-3.414,1.587,-8.692,3.588
-2.925,0.019,-2.319,5.241
-2.824,0.769,-4.969,3.475
-4.925,1.744,-6.894,4.717
-2.248,0.166,-3.036,3.453
-2.663,0.588,-8.829,4.407
-1.852,2.262,-10.454,3.943
-3.444,1.245,-3.300,3.786
-3.440,1.342,-1.720,3.902
-1.456,0.458,-6.037,4.989
-0.360,0.792,-4.282,4.916
-2.425,0.296,-2.236,5.245
-2.692,2.695,1.333,2.635
-1.654,-0.211,-5.197,4.264
2.204,-1.908,-0.024,3.080
6.256,2.347,-8.109,4.033
5.492,-0.301,-7.227,3.796
8.293,0.450,-0.719,4.967
7.590,1.672,-1.936,3.250
12.626,2.549,-9.930,4.175
3.283,-1.090,-6.736,3.278
8.048,-0.657,-5.407,3.143
2.070,-0.471,-3.256,5.070
6.236,-0.430,-10.171,1.817
7.234,1.493,-7.513,3.580
12.666,1.377,-0.559,3.046
3.841,0.347,-6.145,4.771
12.746,3.761,-2.891,4.359
-0.594,-2.403,-11.185,4.182
5.757,0.153,-4.630,4.252
-1.653,-2.346,-5.326,4.648
0.164,-0.409,-8.937,4.544
3.159,-0.897,-5.103,6.821
3.694,-2.079,-7.697,3.992
10.522,1.350,-4.496,5.320
5.001,-0.285,-8.744,4.810
4.937,1.061,-3.206,1.373
10.155,0.397,-9.080,5.330
7.344,0.086,-4.445,5.261
7.648,1.870,-5.572,3.848
4.974,-1.117,-5.223,3.922
1.194,-2.310,-3.910,3.328
2.419,-1.577,-7.630,3.745
6.494,0.046,-7.408,1.910
5.130,-1.944,-2.565,5.786
3.029,-1.834,0.495,2.668
1.950,-2.267,-4.391,3.074
0.703,-1.601,-7.010,4.686
1.896,-0.178,-5.965,4.050
6.492,-1.856,-3.303,2.008
0.173,-1.520,-4.849,4.189
8.202,1.350,-3.414,3.833
4.107,2.097,-2.799,2.508
6.336,0.565,-7.494,5.723
1.068,-0.504,-10.750,2.751
7.876,3.506,-2.551,4.213
2.611,-1.485,-10.208,3.508
4.986,-2.043,-3.584,3.173
4.865,-0.406,-2.667,5.070
6.521,-1.561,-0.622,2.398
1.507,-2.230,-1.662,2.147
10.304,3.485,0.237,3.644
9.931,2.927,-4.640,4.629
1.381,-1.167,-6.875,2.497
-0.347,0.446,-5.591,4.271
5.798,2.109,-4.193,4.494
-1.812,-1.692,-7.438,4.917
6.335,0.833,-8.612,4.293
3.553,-3.316,-2.483,5.122
6.249,-1.767,-9.409,3.889
9.704,1.134,-2.287,3.843
4.532,-1.009,-5.067,3.285
3.972,0.741,-6.550,4.740
1.384,0.395,-2.994,3.614
4.354,-1.229,-12.137,5.547
4.103,-1.965,-3.708,5.611
7.379,0.232,-3.084,3.676
4.260,-0.271,-3.116,3.855
-1.215,-2.311,-9.198,5.793
11.819,3.186,-3.705,3.793
9.338,1.909,-4.836,4.032
4.433,-1.104,-3.291,5.846
5.996,-0.155,-7.808,2.175
3.933,-0.860,-2.536,4.246
2.532,-0.465,-3.896,3.092
7.677,1.028,-7.961,3.891
2.442,-1.767,-9.060,4.725
3.165,0.227,-3.833,5.152
7.294,2.169,-4.861,4.684
8.006,1.927,-3.821,5.057
6.447,-0.556,-7.943,2.293
1.995,-1.571,-2.802,2.661
13.952,2.989,-5.828,4.998
6.795,-1.589,-1.264,2.448
6.868,1.005,-7.837,3.746
1.549,-2.357,-4.640,4.378
3.477,-0.557,-4.714,4.800
10.671,3.367,-6.389,3.664
2.386,-2.255,-5.196,4.356
8.204,-0.315,-1.373,5.599
1.743,-0.467,-4.174,4.214
1.809,-2.124,-7.041,3.303
6.110,0.092,-9.936,3.590
5.100,0.972,-4.642,4.393
8.477,2.389,-7.289,3.774
8.239,2.107,-3.243,2.600
7.670,2.464,-2.928,7.994
1.316,-0.738,-0.873,4.256
7.646,1.343,-8.567,4.446
-1.544,-5.071,-2.134,4.857
4.184,0.031,-7.581,6.021
5.840,1.937,-3.182,3.996
7.304,1.654,-6.234,3.821
5.253,-0.839,-7.203,4.054
6.392,2.111,-2.825,3.673
2.841,0.356,-6.717,5.515
3.366,-1.759,-6.094,4.568
5.358,-1.234,-4.338,4.298
4.566,-1.225,-2.496,3.188
3.588,-0.999,-4.237,4.799
0.129,-2.450,-5.454,3.373
6.476,1.257,-2.341,5.380
0.353,-2.635,-0.393,4.094
-0.248,-2.636,-2.672,3.358
10.294,2.367,-3.526,3.852
3.774,-0.310,-2.923,5.337
4.054,-1.148,-4.091,5.703
3.986,0.122,-2.029,3.483
7.181,2.071,-2.470,3.307
-0.165,-2.809,-8.867,4.579
3.944,0.474,-4.279,1.751
3.988,-1.660,-1.119,4.617
3.850,-0.473,-5.913,2.214
3.187,-0.426,-2.809,3.119
2.663,-1.010,-9.044,2.259
5.483,0.993,-7.049,3.611
0.380,-2.831,-5.089,4.619
7.704,-1.524,-3.000,2.830
0.147,-2.380,-5.484,5.397
7.250,2.024,-3.096,1.618
4.928,0.119,-3.792,1.590
7.737,-0.161,-7.444,4.477
1.217,-1.149,-3.903,3.186
2.734,-0.183,-10.189,3.514
6.117,0.873,-3.481,4.376
8.156,0.156,-8.252,3.976
6.550,0.201,-8.102,3.365
4.668,-0.746,-1.680,4.084
5.943,1.989,-5.842,3.296
6.868,-0.276,-1.785,4.476
4.686,-0.243,-4.552,5.279
9.836,1.626,-4.538,3.486
5.565,-1.114,-4.741,2.951
2.766,0.098,0.013,4.404
10.156,-0.186,-9.637,3.670
2.738,-1.236,-1.832,4.038
-0.384,-2.152,-4.170,2.971
5.584,-0.521,-3.835,3.047
6.412,-0.376,-4.334,3.293
4.201,0.101,-8.339,3.476
8.101,3.712,-5.922,5.547
4.703,0.149,-9.676,4.126
2.687,-0.294,-6.698,4.084
6.835,1.357,-3.843,5.570
8.447,1.887,-11.179,3.713
-0.297,-3.040,-4.747,4.560
7.853,2.242,-7.319,3.311
1.931,-1.952,-3.855,5.685
6.012,0.875,-6.941,2.987
3.932,-0.881,-3.492,2.303
6.085,-0.638,-2.513,3.093
6.467,1.729,-6.627,4.059
11.285,4.328,-8.514,5.788
-3.688,-2.280,-4.509,3.135
4.070,-0.502,-1.759,5.153
4.385,0.739,-6.361,4.271
6.437,3.075,-7.812,4.570
6.192,0.248,-4.161,4.097
4.921,-0.755,-7.093,5.371
5.261,2.221,-8.503,3.471
9.639,1.966,-4.161,4.183
0.858,-1.285,-4.904,2.211
1.324,-0.600,1.666,4.847
6.616,0.531,-3.341,6.435
5.570,1.899,-3.717,5.185
2.202,1.768,-8.468,3.653
2.930,0.948,-3.367,2.673
4.437,-0.109,-11.060,3.228
5.122,-1.279,-8.045,5.654
5.124,1.261,-5.559,5.233
8.048,0.377,-4.384,4.491
1.020,-1.053,-5.722,6.113
7.133,0.786,-7.505,3.271
10.092,1.280,-6.075,3.424
2.019,-2.249,-3.024,2.118
2.937,-0.312,-2.058,4.853
1.435,-1.691,-0.155,4.448
8.174,1.206,-6.030,3.507
2.110,-1.770,-4.136,2.690
3.279,-1.292,-7.220,3.623
2.391,-1.561,-3.167,3.572
4.127,0.575,-7.286,5.142
3.875,-1.371,-6.884,2.355
5.812,1.054,-7.028,5.790
11.146,3.031,-7.652,4.848
7.557,0.969,-4.434,1.838
3.629,-0.096,-2.489,4.131
4.466,-0.165,-3.207,2.612
1.593,-3.203,-2.506,0.726
-1.923,-1.894,-7.309,5.671
3.395,-0.245,-6.850,1.891
3.026,-1.166,-5.376,2.410
2.830,-0.154,-4.132,2.935
3.516,-1.136,-8.734,2.796
7.145,0.364,-3.779,2.705
0.747,-2.566,-3.225,4.429
8.016,0.921,-1.491,5.299
6.913,1.581,-8.090,5.083
1.891,-0.813,-3.388,4.354
3.982,-0.924,-1.951,2.839
6.269,-0.754,-6.657,3.450
3.253,-1.466,-7.237,3.190
5.344,-0.620,-2.587,5.794
5.488,1.968,-8.339,4.122
6.774,1.407,0.314,2.766
0.287,-1.585,-5.190,5.628
7.512,1.033,-4.171,4.446
7.599,1.824,-7.315,4.387
1.653,-1.908,-10.663,3.719
4.420,-0.123,-5.387,5.781
9.270,1.996,-10.229,1.725
5.616,0.313,-11.613,3.918
4.307,-1.475,-3.479,4.830
5.696,-0.750,0.154,5.174
4.697,0.793,-4.467,3.226
8.205,-0.485,-6.906,4.831
9.969,3.430,-3.769,3.777
6.065,-0.395,-4.609,3.906
8.470,2.145,-7.535,3.734
2.928,-0.824,-6.101,4.114
2.175,-2.174,-0.677,3.630
5.826,-0.021,-4.190,4.816
6.992,-0.687,1.177,4.592
5.564,-0.740,-1.210,5.497
3.002,0.693,-6.067,4.260
7.828,-2.203,0.712,3.214
2.197,-1.330,-2.248,4.452
3.475,-0.796,-6.258,2.779
8.983,1.291,-5.530,3.129
-0.106,-1.254,-6.666,3.717
5.603,0.340,-2.794,4.195
4.037,1.194,-4.574,3.955
4.199,0.983,-6.475,4.372
4.855,0.236,-3.679,5.255
3.519,0.523,-5.250,5.052
10.375,2.867,-0.775,3.097
6.206,0.633,-3.363,4.560
1.404,0.009,-4.214,2.603
5.283,-2.295,-6.166,4.393
2.795,-1.261,-7.880,3.433
7.364,0.553,-3.700,4.832
7.262,-0.529,-2.670,3.171
9.201,2.507,-10.476,2.537
6.563,0.668,-1.972,3.030
7.887,0.805,-0.637,3.299
1.733,-0.643,-7.460,3.965
1.440,-0.696,-0.220,3.744
3.088,-1.532,-1.061,5.566
6.113,1.515,-7.602,5.413
2.993,1.396,-4.985,3.954
2.088,-1.711,0.430,3.245
3.462,-0.461,-5.327,4.993
6.492,1.971,-0.812,3.925
2.712,-1.619,-10.475,4.648
1.202,-3.938,-6.198,4.246
3.409,-1.328,-4.177,4.737
3.159,-0.165,6.521,3.274
-2.802,-4.629,-2.690,3.655
4.301,0.724,-5.077,3.955
4.362,0.836,-3.736,5.218
12.558,2.969,-0.561,2.256
7.220,-1.383,-2.939,5.065
7.785,0.822,-2.649,5.083
0.402,-1.199,-6.516,4.192
4.209,0.504,-11.636,3.238
7.375,-0.257,-4.967,3.929
4.548,-0.170,-5.011,3.111
5.880,1.321,-6.333,3.318
4.929,1.115,-4.512,5.832
3.571,-0.605,-1.682,3.047
3.711,1.002,-4.009,4.830
5.281,1.683,-7.188,4.093
4.179,-0.617,-5.410,4.991
1.514,-0.491,-9.148,4.795
8.627,0.388,-5.308,4.576
1.444,-1.559,-8.254,3.792
8.820,2.719,-8.860,3.159
3.228,-1.616,-6.431,3.940
3.436,0.822,-2.349,3.875
7.964,-1.234,-7.175,4.957
-1.654,-3.052,-4.498,3.585
7.545,-0.483,-4.209,3.576
7.435,0.117,-2.615,4.980
2.128,0.332,-10.335,3.543
5.265,0.309,-7.108,4.745
7.365,1.088,-4.423,4.222
5.227,-0.046,-0.526,3.420
3.226,-0.415,-1.930,3.320
11.139,3.421,-4.197,4.566
10.339,3.561,-4.401,5.150
4.093,-0.732,-7.932,4.796
4.482,-1.267,-5.448,4.205
1.342,-0.759,-4.963,4.990
11.495,2.203,-5.460,5.049
0.417,-1.317,0.481,3.408
4.652,0.311,-5.799,4.609
6.673,0.600,-4.325,2.937
2.388,-1.069,-4.186,4.952
5.711,-0.053,-4.435,3.331
3.528,-1.939,-7.466,3.281
9.528,1.866,-4.803,3.229
4.210,-1.118,-2.414,4.947
6.644,-0.363,-5.668,5.300
4.312,0.096,-9.107,3.149
3.123,-1.421,-1.612,3.474
1.780,0.129,-5.852,4.647
5.142,0.809,-3.836,6.480
5.793,-0.378,-8.354,5.082
0.304,-1.849,-5.805,3.464
1.173,-2.103,-6.053,4.449
6.827,1.494,2.969,2.432
2.645,-0.473,-5.286,4.104
1.601,-1.592,-4.630,2.523
3.746,1.319,-6.840,5.362
5.112,0.979,-1.545,4.385
5.288,0.517,-7.318,6.447
7.638,0.728,-1.607,4.543
6.788,1.550,-8.575,3.277
3.840,-0.699,-6.316,4.306
9.316,2.617,-4.017,3.632
0.388,-3.143,-1.504,3.116
7.985,0.367,-6.175,4.617
11.074,2.385,-6.334,5.426
8.811,1.211,-4.903,3.239
11.386,2.905,-4.902,4.272
2.416,-1.250,-4.001,4.094
6.477,1.868,-7.191,4.931
8.050,2.876,-4.419,2.079
1.160,-2.400,-5.007,2.658
4.642,-0.698,-9.688,5.118
5.904,-0.230,-4.375,4.929
4.640,0.309,-6.223,5.279
2.835,-1.867,-9.825,3.887
10.534,1.547,-4.015,4.379
4.883,-1.454,-5.288,5.934
1.380,-0.189,-5.777,3.201
5.566,0.375,-2.356,6.249
3.721,-0.606,-6.789,3.050
5.582,1.040,-1.240,4.706
5.124,0.109,-5.094,4.217
9.187,0.655,-0.765,2.454
5.267,-0.412,-0.443,3.958
7.938,-0.686,-2.239,5.646
10.348,4.321,-7.100,5.303
-1.018,-0.962,-0.689,5.933
10.540,1.873,-5.668,3.788
1.843,-1.074,-5.197,5.379
7.511,1.315,-5.645,4.631
9.582,1.888,-7.433,4.493
10.170,1.468,-1.590,4.662
2.432,-2.629,-8.601,2.407
3.580,0.343,-2.930,2.593
4.751,0.732,-5.134,5.670
3.146,0.725,-5.113,4.223
8.819,0.032,-0.355,4.513
-0.475,-2.257,-9.257,2.510
3.394,-1.545,-2.636,4.169
7.840,-0.064,-7.317,4.834
8.413,1.412,-7.249,4.487
4.787,0.100,-6.459,5.115
7.890,0.817,-6.831,4.154
5.980,-0.526,-6.148,4.794
5.099,-1.905,-8.510,3.584
12.774,4.651,-8.655,4.524
0.234,-3.213,-8.057,4.339
8.633,0.318,-0.311,3.455
1.954,-0.717,-7.987,2.779
5.717,-0.431,-4.929,4.351
8.321,2.356,-2.167,2.671
5.750,0.524,-1.086,4.732
0.074,-2.415,-2.845,4.462
2.580,-0.397,-7.308,4.466
10.037,1.592,-1.802,4.306
9.110,1.747,-8.488,5.591
2.311,-1.605,-2.774,2.611
6.557,-0.792,-4.887,2.651
-3.550,-3.578,-3.663,6.026
2.998,-0.355,-10.763,3.681
2.716,1.843,-5.598,2.232
3.535,-1.302,-9.022,4.510
1.975,1.595,-9.237,3.854
-5.866,-3.487,-0.173,4.206
3.909,0.428,-4.501,5.011
3.872,-1.864,-9.798,4.023
3.530,-0.073,-2.185,3.733
10.939,2.195,-3.393,4.637
4.210,-1.287,-2.524,5.320
3.478,-0.875,-4.549,3.242
2.286,-2.906,-5.188,3.627
9.924,0.726,-2.538,2.595
6.568,-0.607,-4.633,4.699
1.330,-0.272,-2.050,2.884
-0.175,-2.873,-3.145,2.749
-0.576,-0.586,-7.886,2.013
6.191,-0.539,-6.915,4.611
10.616,2.642,-5.820,3.581
10.482,1.080,-1.566,4.021
3.868,-1.230,-7.549,1.671
6.112,-0.158,-5.455,5.772
1.323,-1.807,-1.786,3.583
4.761,1.014,-7.385,5.528
3.430,-1.534,-5.660,4.224
5.929,0.609,-6.430,3.197
-2.647,-3.482,-7.222,1.878
9.568,1.442,-9.432,4.110
2.994,-2.199,-6.693,4.881
3.001,0.938,-6.192,3.391
5.767,1.505,-3.544,2.681
3.105,-2.554,-1.090,4.421
4.385,0.467,-6.446,3.556
6.894,1.564,-2.349,3.894
4.124,-0.446,-2.403,5.036
2.541,-0.822,-5.725,4.489
8.498,-1.371,-2.626,3.445
1.789,-0.880,-3.915,6.325
3.958,-0.097,-2.364,5.849
5.010,0.947,0.374,3.513
-0.405,-2.595,-8.086,5.047
3.565,-2.622,-7.907,4.448
9.413,2.421,-4.062,4.264
5.456,0.828,-9.444,4.881
5.960,-0.058,-6.661,5.219
7.433,0.602,-2.003,2.818
6.386,-0.625,-4.998,5.630
4.221,1.903,-9.307,4.126
5.023,-0.204,-2.490,3.914
3.038,-2.013,-5.993,4.929
7.516,1.261,-1.864,4.097
3.467,-0.466,-6.114,4.728
5.488,1.908,-1.822,3.556
3.397,-1.352,-5.765,4.429
0.646,-3.338,-7.932,3.576
6.268,1.047,-4.606,6.516
7.173,2.619,-8.339,3.313
6.286,0.099,-8.984,1.942
10.886,1.293,-1.995,4.873
-1.941,-2.367,-2.693,4.516
3.510,-2.168,-0.775,3.776
2.728,-0.578,-8.052,4.041
4.823,0.582,-2.603,4.067
-2.333,-1.346,-4.880,4.110
7.548,3.414,-7.824,3.769
1.569,-2.131,1.584,3.415
5.389,0.241,-5.807,5.067
3.369,-1.480,-1.597,5.615
3.423,1.004,-3.230,4.326
6.132,2.434,-0.851,4.219
3.443,-0.902,-8.157,5.339
9.231,1.565,-6.086,3.973
9.494,1.749,-1.166,4.512
-0.430,-2.022,-6.055,2.245
9.905,3.648,-7.584,1.644
8.534,1.403,-2.004,2.894
4.810,-0.022,-4.919,4.945
8.401,0.786,-4.880,3.673
6.268,0.233,-1.775,4.685
6.673,0.615,-3.283,2.957
5.041,-0.777,-4.462,2.706
2.823,-2.172,0.281,3.403
6.031,1.062,-5.833,5.136
7.515,-0.067,1.927,5.043
11.155,2.042,-7.830,4.154
4.741,1.049,-5.590,2.005
8.938,2.298,-11.242,3.011
5.278,2.272,-4.784,2.868
7.127,2.846,-6.290,4.178
9.139,2.466,-2.700,2.047
7.149,1.068,-6.335,4.432
0.246,-2.717,-8.431,3.042
6.284,1.746,-3.287,2.563
10.350,1.049,-5.353,4.278
9.290,3.432,-5.731,4.844
-0.330,-2.770,-5.848,4.125
3.197,-0.825,-5.203,2.505
0.760,-1.240,-5.296,5.148
0.238,-1.624,-1.876,5.941
1.464,-1.353,-5.492,3.225
1.463,-1.690,-6.543,4.497
8.660,1.660,-6.562,4.427
8.356,0.021,-8.747,4.155
-0.134,-2.058,-6.306,2.958
7.384,-0.274,-9.172,4.439
1.309,-1.040,-6.775,4.751
6.453,1.500,-1.324,4.796
4.435,1.014,-8.691,4.470
5.901,1.416,-7.185,4.678
6.424,1.116,-2.313,5.069
8.052,1.736,-9.462,5.280
7.474,-0.090,-0.210,5.435
5.219,0.810,-7.696,1.179
6.656,0.570,-2.317,5.063
5.683,-1.160,-2.719,5.621
1.753,-2.531,-8.204,3.772
9.425,0.871,-8.169,2.819
5.649,0.387,-4.875,4.404
-0.352,-1.360,-3.804,4.696
1.317,-0.679,-3.499,3.261
9.074,0.154,-5.137,4.341
10.069,2.596,-4.059,3.635
9.998,3.140,-2.418,3.797
6.328,-0.272,-7.685,4.939
6.663,-0.398,-6.785,3.442
4.785,0.894,-1.982,3.648
9.167,2.495,-1.859,2.777
3.459,0.938,-9.614,4.298
6.390,-0.327,-6.692,5.809
-1.008,-0.780,-7.093,3.056
6.615,1.326,-1.938,3.508
6.175,-0.094,-6.195,3.847
4.191,-0.844,-7.190,4.240
2.828,-0.954,-6.385,4.232
6.623,0.865,-7.279,3.972
5.613,-0.713,-0.945,3.162
6.242,1.872,-5.063,5.581
5.819,1.213,-8.626,5.174
-0.378,-2.665,-4.222,3.585
0.990,-2.347,-4.850,2.782
5.340,0.722,-6.128,5.406
3.282,-1.611,-10.358,4.819
0.216,-3.098,-3.385,5.143
6.874,-0.483,-7.040,2.010
4.107,1.148,-4.108,2.082
4.403,0.737,-2.177,6.154
6.197,1.604,-9.175,4.672
4.888,-0.397,-3.630,3.020
5.391,-0.507,-2.609,4.360
4.416,1.299,-5.781,4.697
8.169,2.905,-8.109,2.523
12.738,4.267,-4.597,2.911
8.732,1.571,-7.033,4.814
14.436,3.413,-2.152,4.614
-0.458,-3.594,-6.007,6.006
6.207,0.145,-7.212,1.925
2.426,-2.099,-6.081,4.695
2.230,-0.671,-3.273,2.932
4.116,1.373,-1.558,2.729
1.254,-0.978,-2.656,2.341
3.236,-0.921,-4.358,3.510
5.912,0.018,-10.644,3.947
3.654,-2.157,-6.035,2.993
3.819,-0.337,-7.823,2.792
9.251,0.966,-7.087,4.778
0.067,-3.347,-2.580,5.382
0.034,-2.082,-8.365,5.328
1.553,0.123,-6.047,2.938
3.339,-0.119,-3.412,5.383
10.627,4.171,-5.323,4.661
5.036,0.017,-8.026,4.668
3.182,-1.416,-7.793,5.413
4.631,0.970,-6.156,3.763
0.449,-1.756,-7.455,4.536
2.169,-1.443,-8.222,2.452
3.165,0.432,-8.454,4.214
0.323,-2.419,0.032,5.343
2.519,-1.048,-5.312,3.334
6.750,-0.501,-6.827,3.546
6.507,-0.525,-9.842,2.372
1.843,0.318,-5.080,6.329
3.839,-0.609,-1.002,4.163
4.290,-2.781,-5.062,2.858
11.287,2.197,-4.294,5.629
4.366,-0.338,-5.144,3.985
4.568,0.503,-0.263,3.229
4.905,-0.319,-5.426,6.616
0.245,-1.417,-7.359,2.325
0.143,-0.909,-5.576,3.097
6.649,-2.339,-6.137,3.952
4.692,1.128,-5.519,4.781
-0.748,-3.482,-4.301,3.349
9.740,0.938,-8.036,2.401
1.642,-1.786,-2.875,3.746
6.851,-1.144,-0.367,3.505
5.538,0.306,-8.652,2.417
-1.573,-1.163,-6.818,4.748
6.604,1.744,-2.280,4.295
4.108,0.835,-3.597,4.952
1.938,-1.706,-5.299,4.298
4.579,-0.295,1.416,4.933
4.443,1.922,-8.061,2.979
5.248,1.484,-10.970,2.981
6.991,0.571,-4.238,4.005
3.840,0.222,-6.090,4.560
2.086,-0.527,-6.552,4.768
4.823,-1.907,-0.750,3.808
9.100,1.590,0.421,4.767
13.254,1.483,-0.308,3.542
8.132,1.370,-4.777,4.461
5.123,0.043,-7.341,6.790
8.733,-0.334,-4.701,4.179
2.587,-1.726,-5.918,4.338
7.938,1.644,-4.808,2.196
5.309,-0.027,-2.786,2.813
5.295,0.064,-4.753,4.388
7.798,0.579,-3.432,3.686
1.640,-3.078,-1.020,4.302
-0.176,-0.750,-9.594,1.845
9.935,0.210,-0.685,4.311
11.997,3.648,-1.499,4.419
3.271,-0.516,-4.154,0.903
5.187,-0.411,-2.676,4.013
7.872,1.052,-2.041,3.160
2.767,-3.140,-6.421,3.188
3.718,-1.724,-4.416,5.221
10.808,2.913,-4.447,4.949
7.916,1.484,-2.458,3.295
8.168,1.974,-6.557,3.395
9.756,1.888,-4.510,4.866
9.906,0.276,-4.063,3.857
9.493,1.856,-2.562,4.808
6.083,0.676,-8.236,3.293
8.317,0.960,-2.663,4.261
4.564,0.072,-3.270,5.517
6.795,0.584,-3.400,4.436
-0.805,-3.319,-4.738,1.573
3.042,1.218,-7.863,2.086
5.165,-0.552,-7.203,3.202
4.708,0.602,-4.331,6.011
8.374,2.662,-5.756,4.872
7.191,0.497,-3.302,2.991
-0.170,-3.379,-2.732,4.335
-0.025,-2.096,-3.333,3.121
1.118,-0.401,-6.962,3.682
6.044,1.138,-7.250,3.470
4.973,-1.113,-11.936,2.557
9.000,1.369,-6.001,6.074
11.771,2.051,-1.842,3.255
1.483,-0.336,-1.756,4.604
1.399,-1.510,-4.172,4.645
8.308,2.132,-6.490,5.088
10.187,2.783,-5.016,3.956
9.828,3.635,-4.647,2.424
4.106,-0.329,-6.923,5.845
3.134,-1.966,-7.061,3.709
6.377,0.698,-3.291,4.087
4.835,0.209,-9.624,5.077
3.185,-0.908,-0.866,3.971
1.996,-2.500,-9.043,4.590
0.356,-2.993,-5.720,3.412
5.764,-0.357,-9.822,4.981
6.388,-0.948,-5.669,5.548
6.095,0.223,-7.262,3.571
7.639,0.812,-8.912,3.270
7.302,1.454,-6.524,3.413
6.259,1.501,-8.056,4.314
7.884,1.906,-2.660,3.038
6.719,0.019,-4.359,4.403
4.347,1.607,-7.931,4.172
7.769,0.036,-5.866,3.252
3.606,-0.923,-4.685,4.096
5.982,-0.560,-4.943,3.273
4.306,-0.007,-5.149,2.958
5.672,-1.066,-5.420,3.939
2.214,-2.746,-3.442,5.268
11.494,1.191,-8.841,2.509
7.291,-0.805,1.842,3.138
2.769,-1.231,-8.830,3.835
4.069,1.195,-2.296,4.717
10.345,1.356,1.781,3.828
3.191,0.306,-3.103,4.040
1.865,-0.911,-4.520,5.201
-1.627,-0.684,-2.840,3.504
7.527,0.568,-9.314,5.533
1.235,-2.007,-3.640,4.651
7.523,1.357,2.490,4.464
9.333,1.652,-6.369,4.653
7.010,-0.112,-4.730,2.354
2.066,-0.687,-6.524,4.546
7.576,1.675,-8.921,3.570
5.357,0.229,-7.038,3.762
8.815,2.026,-4.541,3.766
4.286,0.539,-2.004,4.331
3.405,0.425,-8.251,4.409
8.574,0.178,-3.974,4.165
5.159,0.136,-1.688,3.205
5.056,0.575,-3.018,2.806
1.947,-1.172,-3.718,4.621
-1.028,-3.066,0.246,4.196
8.849,0.057,-4.646,3.031
10.565,0.030,-10.954,4.614
4.518,-1.578,-5.622,5.023
7.256,-0.582,-7.384,4.530
9.113,1.693,-3.772,3.776
1.845,-0.648,-4.886,2.571
4.482,0.490,-5.531,3.599
2.478,-2.771,-3.547,3.600
11.143,2.893,-12.002,2.318
4.108,0.716,-4.456,2.415
9.199,0.411,-3.334,4.530
6.069,2.154,-2.303,6.347
10.759,3.768,-0.724,2.827
7.203,2.489,-4.714,1.995
4.098,0.179,-3.990,4.547
1.991,-3.255,-1.922,3.967
7.749,-0.215,-2.694,3.808
4.768,0.084,-4.190,4.861
9.190,2.630,-6.514,6.067
8.528,-0.124,-8.759,4.273
4.006,1.335,-3.909,3.396
2.579,-0.365,-5.599,4.905
4.266,-0.635,-8.497,3.526
2.034,-2.477,-3.270,4.015
2.932,-1.628,-0.790,4.973
10.394,2.803,-5.219,4.096
12.110,2.135,-10.466,3.728
2.488,-0.918,-5.691,4.045
5.428,0.844,-4.044,2.473
1.576,1.126,-5.645,4.532
7.421,0.484,-9.676,4.570
3.208,0.676,-3.735,4.110
2.562,-1.806,-4.993,1.896
0.666,0.435,0.550,3.236
2.197,-0.488,-1.484,3.811
3.800,1.696,-7.641,3.456
4.017,-2.639,-4.500,4.819
0.274,-3.415,-4.056,2.354
8.488,0.776,-4.845,1.739
7.223,0.878,-0.963,3.268
9.567,3.388,-3.940,3.699
5.664,0.793,-8.371,4.697
6.112,0.695,-1.506,5.503
1.511,-4.441,-6.062,4.050
5.717,0.733,-3.305,6.215
12.497,4.441,-3.792,4.023
-3.717,-3.897,-4.505,3.461
9.496,2.653,-3.041,4.110
3.021,-1.043,-5.788,3.790
1.646,-0.908,-6.089,4.472
1.890,-2.335,-8.588,4.911
9.806,2.063,-5.924,4.491
3.593,-0.167,-1.356,6.045
4.991,0.810,-2.386,4.594
8.424,2.308,-4.741,2.546
5.403,-0.508,-2.546,4.339
4.011,0.156,-7.297,5.097
8.132,-0.325,-6.793,4.173
5.267,-0.736,-5.440,5.212
10.116,2.004,-5.620,4.622
4.715,-1.130,-2.796,3.349
4.680,2.299,-1.277,4.652
5.268,0.523,-6.560,4.249
9.903,0.981,-4.001,5.033
3.343,0.448,-1.556,4.384
4.584,-2.023,-3.307,4.753
-0.213,-2.314,-6.119,2.828
7.775,0.055,-3.897,2.769
5.859,-0.442,-4.073,3.884
5.153,0.926,-5.216,5.325
5.470,-1.145,-5.052,2.066
1.232,-1.742,-6.794,3.362
7.201,0.301,-5.081,3.921
7.721,0.063,-11.668,4.492
3.697,-0.806,-1.635,2.528
8.150,2.695,-3.640,6.071
7.066,-0.954,0.156,4.361
2.943,-0.503,-2.148,5.688
0.793,-1.972,-4.666,3.807
1.628,-1.305,0.311,4.982
5.550,0.358,-8.665,4.739
4.832,-0.872,0.626,3.984
1.460,-0.504,-4.848,3.611
5.919,0.880,-6.025,4.059
8.149,2.791,-1.645,2.868
7.370,0.046,-0.254,2.786
6.209,1.162,-2.650,3.498
7.140,1.328,-2.519,4.961
6.514,0.093,-1.748,3.904
6.823,0.207,-6.499,3.316
8.546,0.293,-2.588,3.612
2.837,-0.814,-8.777,4.206
9.649,0.794,-0.290,4.634
6.950,1.627,-4.466,4.824
5.499,1.125,-7.474,4.953
4.034,-1.067,-5.593,2.510
5.384,0.941,-1.468,3.787
9.034,1.616,-4.123,3.481
2.078,-2.016,-0.880,3.269
2.538,-0.347,-8.467,4.396
4.723,-1.685,-2.645,2.801
5.662,-0.003,-3.607,3.896
4.478,-0.107,-4.421,4.132
4.015,1.805,-2.481,5.332
7.727,0.827,-3.518,6.291
7.576,1.106,-2.890,4.355
4.641,0.046,-4.618,5.414
2.009,-1.651,-5.147,5.372
4.410,0.207,-4.908,3.458
6.099,-0.083,-3.077,4.378
1.231,-1.609,0.130,2.547
6.030,-0.759,-0.810,3.223
4.086,-0.125,-1.791,2.196
5.006,-0.028,-8.275,4.350
1.956,-2.244,-5.760,3.988
7.964,1.574,-4.828,3.853
-1.400,-3.898,-0.690,4.742
-0.658,-1.570,-6.331,5.875
5.058,0.022,-2.032,3.160
2.360,-1.161,-1.830,4.207
7.060,0.398,-6.211,3.691
5.460,2.277,-7.170,3.706
5.763,0.027,-5.152,4.110
1.020,-1.918,-4.063,4.876
3.871,-0.474,2.149,4.489
-1.119,-2.782,-5.414,5.174
3.301,-0.727,-3.616,3.268
7.102,0.072,-4.185,3.623
9.493,0.948,-4.269,5.634
7.344,1.882,-6.047,3.749
-0.216,-2.840,-3.392,4.731
7.019,0.003,-5.292,1.972
4.185,-0.745,-0.997,3.392
3.751,-0.562,-3.983,2.455
2.951,0.786,-8.714,3.580
5.406,-0.011,0.234,4.535
6.252,1.713,-2.064,5.855
9.798,2.869,0.480,4.737
6.401,0.738,-3.551,3.446
5.301,0.807,-2.163,4.186
2.305,-0.137,-5.377,3.618
5.084,-0.156,-11.438,5.016
8.604,1.076,-6.638,4.315
10.696,2.514,-8.583,4.758
-0.323,-1.900,-4.336,4.122
3.918,-0.334,-1.071,3.651
4.927,0.912,-5.343,4.625
0.742,-1.674,-2.829,3.382
3.408,-0.201,-4.370,3.180
12.183,2.850,-0.361,2.501
6.932,0.116,-2.267,4.461
5.066,-0.531,-5.267,3.696
3.150,-0.409,-10.022,3.661
8.676,2.957,-5.756,5.738
5.242,1.702,-6.559,4.246
7.355,2.206,-8.095,3.193
6.902,1.076,-8.168,4.943
3.528,-3.364,-3.272,6.293
5.549,-0.658,-5.826,4.404
6.886,0.548,-7.484,4.056
4.223,-0.818,-4.692,3.273
5.681,-0.134,-3.128,2.542
12.577,1.027,-7.802,4.104
4.757,1.132,-7.944,3.769
-0.820,-2.799,-9.930,4.576
4.845,0.242,-5.413,4.664
6.829,0.578,-1.622,2.630
3.221,0.475,-4.644,3.788
2.678,0.346,-6.294,4.790
7.468,-0.698,-6.382,4.656
6.758,1.420,-5.422,5.575
4.206,-0.088,-3.502,3.475
6.547,1.787,-4.102,3.128
7.672,2.301,-4.560,3.384
6.826,1.870,-0.616,4.471
5.328,0.055,-5.510,4.768
9.614,0.797,-4.928,4.149
5.188,0.579,-6.580,3.719
8.413,1.744,-8.312,4.677
1.244,-1.876,-4.712,3.352
2.148,-1.361,-6.330,2.603
6.961,-0.273,-3.300,5.470
10.237,3.443,-5.352,5.096
3.637,-1.388,1.950,3.588
3.343,-2.663,-2.046,4.234
7.624,1.326,-8.529,4.912
8.774,0.441,-4.865,4.527
5.604,-0.293,-1.687,3.908
-2.799,-4.614,-4.505,4.156
5.474,-0.626,-8.986,3.218
5.036,-0.180,-8.244,3.356
8.644,1.510,-4.254,4.212
-2.348,-1.084,-2.668,5.290
2.373,0.220,-3.553,4.227
6.667,0.629,0.602,4.348
8.549,1.660,-1.109,5.934
11.580,1.104,-5.939,4.044
4.501,-0.586,-10.790,3.065
3.646,-0.548,-9.246,3.063
6.234,0.557,-2.862,4.881
0.763,-1.923,-5.657,3.657
3.194,1.226,-7.231,3.817
-1.024,-1.036,-0.652,3.664
10.891,1.692,-4.704,3.168
3.238,-3.038,-7.018,4.539
7.021,0.693,-0.671,3.741
4.427,-0.683,-5.085,2.603
8.857,1.436,-4.629,5.436
4.837,-0.455,-7.886,5.880
2.960,-1.963,-5.185,3.393
10.854,2.432,-9.349,4.281
4.980,-0.374,-3.013,3.854
5.001,1.392,-6.058,3.600
4.823,-0.166,-6.460,3.102
-0.258,-0.971,0.097,3.053
3.709,0.795,-7.371,3.155
2.336,-0.523,-4.470,2.461
6.657,2.543,-9.434,4.000
11.463,2.328,-9.118,3.591
7.329,0.176,-2.022,1.985
5.499,0.092,-5.999,3.975
1.564,-0.744,-9.724,3.659
4.477,0.347,-5.307,5.927
7.296,0.411,-0.462,3.996
8.771,2.312,-6.019,2.584
2.086,-2.395,-5.014,3.907
3.316,0.280,-4.559,3.840
4.485,-0.367,-7.061,5.752
6.214,-1.230,-7.249,3.441
1.026,-0.461,-3.754,5.307
6.778,0.054,-4.976,4.156
2.974,-0.626,-5.255,3.481
12.247,2.845,-6.076,3.707
-0.726,-2.850,-4.572,4.140
3.180,-1.809,-1.432,1.497
13.138,4.386,-8.726,4.019
3.053,1.073,-7.959,3.700
3.816,0.191,-2.543,4.304
1.124,-0.502,-3.779,3.213
6.083,-0.410,-9.517,2.356
4.597,0.254,-3.705,2.729
4.361,-0.108,-8.797,2.058
12.585,2.648,-6.041,4.214
-1.322,-1.953,-10.358,3.905
12.366,5.401,-6.763,4.315
-2.396,-2.311,-5.654,4.392
7.560,1.894,-4.084,4.931
-0.127,-2.549,-8.613,3.955
0.996,-4.278,-6.480,4.630
7.873,-1.669,-7.505,3.303
1.301,-2.912,-2.939,2.938
3.810,0.821,-7.493,4.134
4.153,0.163,-0.299,4.099
0.406,-0.825,-4.045,4.594
12.795,0.999,-3.612,4.623
7.191,-0.014,0.607,3.554
1.409,-2.923,-2.841,3.674
5.449,1.069,-1.422,5.238
7.825,0.011,-1.975,2.734
4.944,-0.441,-1.720,5.775
6.231,-0.534,-9.780,4.961
6.224,1.504,-8.022,5.022
4.299,0.138,-2.732,4.492
4.479,-0.964,-10.647,2.919
5.065,0.473,-7.974,4.648
5.139,-1.574,-5.222,4.724
5.160,-1.159,-3.765,3.764
9.329,1.615,-4.600,3.049
2.747,-0.900,-7.698,5.597
3.175,0.205,-3.435,3.853
6.153,-0.498,-7.497,5.380
5.820,0.917,-6.339,4.875
12.603,3.912,-5.577,5.208
4.335,-2.089,-3.950,3.255
9.450,0.399,-7.369,5.572
2.227,-0.617,-5.200,2.316
4.427,-1.323,-4.516,2.859
1.503,-1.560,-11.102,4.103
1.740,-0.852,-7.646,3.906
4.736,0.309,-6.872,4.436
0.358,-3.185,-1.465,3.986
10.354,0.909,-2.649,4.382
5.464,-0.779,-3.419,2.406
5.384,-0.603,-1.819,5.762
2.427,0.027,-0.574,4.060
6.705,-0.433,-2.471,4.104
5.312,1.168,-1.936,4.402
8.302,1.747,-3.728,2.784
0.595,-2.451,-4.722,3.915
2.564,-0.079,0.032,5.900
5.145,-1.784,-1.757,2.516
-0.477,-2.447,-1.446,4.172
4.034,2.672,-1.491,4.022
2.003,-1.688,-8.217,4.401
8.449,2.619,-1.940,5.391
1.774,-0.235,-3.157,2.060
5.909,-0.215,-8.006,4.305
8.135,1.695,-4.229,5.414
2.468,-0.712,-5.665,4.520
-1.678,-1.842,2.359,4.939
6.820,1.830,-2.912,2.368
4.392,0.542,-8.310,3.420
8.689,2.685,-10.525,4.841
7.738,1.380,-6.836,4.192
4.756,-0.588,-8.977,3.125
6.329,-0.298,-4.196,2.657
2.364,-1.866,-8.572,3.474
6.043,-0.343,-6.535,3.379
6.479,0.307,-3.537,3.935
8.590,3.003,-3.150,3.558
6.979,0.833,-2.615,3.936
3.664,-0.738,-6.287,4.223
0.181,-1.001,-3.652,4.384
3.853,-1.302,-10.378,5.213
3.053,-1.788,-6.150,3.995
8.064,1.279,-4.420,3.397
5.019,-1.186,-6.268,5.904
0.610,4.692,-6.293,3.368
0.730,4.274,-7.365,4.375
2.354,5.488,-1.653,6.072
5.105,5.583,-4.590,8.181
6.291,4.733,-4.685,7.205
3.342,7.043,-2.120,6.470
4.181,6.535,-5.880,4.158
0.093,4.798,-8.728,6.001
-3.875,5.752,-6.030,5.198
-0.042,7.105,-7.920,4.790
1.499,3.894,-7.620,6.019
0.939,6.270,-8.862,5.650
0.404,5.109,-6.261,5.852
3.009,5.229,-4.987,4.399
-0.012,5.880,-0.860,6.909
1.216,5.854,-8.460,4.376
0.997,6.094,-8.635,5.565
1.401,4.662,-1.745,5.409
-1.092,7.443,-2.700,6.177
-0.368,7.228,-7.054,5.072
1.563,3.885,-2.628,4.886
-2.091,5.327,-1.963,3.586
3.021,2.756,-0.671,6.727
-2.590,4.224,-4.133,4.554
1.777,4.008,-8.727,5.894
0.917,4.206,-0.834,6.062
4.474,5.490,-2.857,4.444
3.577,4.586,-4.247,4.583
-1.488,5.374,-6.040,5.188
1.314,4.581,-5.047,4.915
6.053,4.996,-4.426,4.794
5.269,4.176,-4.272,5.261
-2.149,3.567,-5.224,4.292
0.015,6.992,-2.227,4.812
-0.320,4.583,-6.935,2.905
-2.302,4.770,-4.193,6.025
-3.973,4.759,-10.457,3.476
1.686,6.117,-1.837,6.467
7.694,4.644,-5.674,5.040
-1.803,4.092,-1.798,5.289
0.334,4.431,-2.792,3.191
0.850,4.530,-4.441,6.190
-2.433,3.017,-1.570,4.662
7.993,5.742,-4.478,6.259
0.019,4.997,-5.763,2.453
-0.803,6.324,3.014,4.661
1.364,3.641,-0.692,6.046
0.930,3.688,-9.090,5.985
-0.441,3.502,-3.090,4.967
0.253,3.628,-7.760,4.745
-1.250,6.058,-3.121,2.926
4.119,6.439,-0.689,4.664
3.119,4.217,-0.491,4.333
4.793,3.127,-6.850,5.095
-0.722,4.802,-6.219,5.830
-3.820,3.497,-8.132,5.090
1.922,5.445,-1.697,7.854
0.234,5.829,-4.305,5.702
-1.934,3.967,-7.383,6.755
4.084,5.421,-1.432,6.190
0.443,3.827,-5.508,6.291
-5.185,6.141,-2.730,4.751
2.251,4.577,-2.428,4.421
-0.443,6.128,-6.179,3.825
7.036,5.616,-4.622,3.687
1.591,4.729,-8.359,4.907
0.557,5.394,-6.502,5.949
0.696,5.890,-1.133,4.639
4.546,4.618,-9.293,4.823
2.591,5.077,-5.031,3.161
3.964,5.398,-10.095,5.803
1.598,5.348,-3.546,5.462
-3.610,4.673,-3.379,5.768
-2.057,3.394,-4.947,2.761
1.008,4.518,-9.144,5.888
0.504,3.931,-6.519,5.202
4.516,4.034,-3.669,5.032
6.476,4.118,-7.720,5.053
-2.748,7.236,-4.994,6.822
4.312,6.467,-2.209,6.661
8.078,3.109,-0.671,7.536
1.093,5.936,-4.029,5.352
-3.710,4.193,-4.542,5.659
2.426,6.120,-0.471,4.818
-1.160,5.912,-8.921,5.746
-1.884,7.506,-10.520,5.200
-1.032,5.741,-1.533,4.741
5.844,4.655,-4.858,5.636
1.420,3.613,-5.216,2.317
-0.171,3.288,-5.899,5.149
3.567,7.377,-3.727,2.420
-1.532,5.473,-2.250,5.080
-0.539,4.855,-3.558,5.026
-8.324,4.647,-1.020,3.449
3.334,5.342,-1.946,7.082
3.202,4.238,-4.035,6.284
2.575,5.131,-3.267,7.018
0.504,4.113,-2.247,5.659
-1.657,4.852,-3.588,5.519
5.090,6.264,-2.894,4.890
3.544,2.755,-4.128,4.560
-3.483,5.714,-5.793,5.589
3.213,5.081,-4.413,7.928
3.742,6.493,-2.748,2.790
2.494,6.226,-4.592,3.895
1.134,3.765,-2.245,4.833
3.795,7.360,-4.624,3.880
0.095,6.154,-2.216,5.775
-1.694,3.371,-0.296,5.798
-5.577,5.613,-7.813,5.959
1.888,4.626,-0.690,5.902
-1.107,6.690,-3.984,4.540
2.342,5.014,0.727,3.153
-0.623,2.066,0.490,4.358
0.884,4.667,-7.110,3.366
5.782,5.400,-7.499,6.207
-0.139,6.560,-4.078,4.266
8.698,5.386,-4.639,3.159
2.385,4.147,-5.175,5.665
1.502,4.519,-2.699,5.471
-1.823,6.021,-7.353,5.816
5.908,4.480,-3.176,2.259
3.561,4.394,-3.809,5.205
-1.206,5.791,-7.101,4.476
2.612,4.688,-0.540,4.430
3.388,5.706,-9.317,4.401
-0.912,3.519,-2.420,4.316
1.525,5.478,-3.184,4.213
0.026,4.516,-1.161,5.403
3.669,4.148,-6.149,5.123
0.392,3.352,-3.918,5.789
5.018,4.590,-6.002,2.004
0.454,5.752,-5.763,6.378
3.302,5.018,-0.030,6.203
3.194,4.617,-5.849,5.998
2.224,5.131,-4.865,6.946
0.822,4.575,-4.230,6.093
0.817,7.150,-10.453,7.786
1.229,3.747,-4.017,7.291
-1.258,5.103,-3.076,5.435
4.133,5.768,-2.390,6.443
1.909,5.010,-1.199,5.788
1.180,3.841,-6.825,6.261
-1.360,7.033,-6.891,6.831
-7.573,6.030,-3.813,5.682
-2.608,5.325,-6.605,6.376
2.678,3.400,-9.013,5.495
8.810,7.469,-9.812,4.246
5.126,5.808,-7.699,5.054
-0.276,4.322,-3.716,5.550
-1.242,4.545,-5.684,5.001
0.282,6.006,-4.404,6.138
-1.223,4.713,-4.312,4.191
-6.272,5.162,-4.093,6.265
-1.358,5.172,-9.018,6.622
-3.108,6.239,-4.616,6.188
1.709,3.344,-1.824,5.523
4.787,4.804,-3.769,4.570
-0.769,6.491,-3.173,7.691
3.057,4.897,-10.974,4.271
2.085,4.106,-2.644,2.340
1.791,5.747,-6.267,5.471
-7.282,4.774,-3.000,3.586
3.015,5.250,-0.819,4.963
5.549,5.900,-5.110,4.356
4.959,4.638,-3.283,3.877
2.481,3.915,-6.509,4.737
-2.291,5.261,-4.798,4.727
-2.501,3.399,-5.173,4.769
-1.175,3.716,-10.960,7.276
0.487,2.517,-4.994,5.685
1.478,6.295,-8.490,5.374
0.367,5.681,0.608,5.590
-4.697,4.052,-3.924,5.270
3.000,4.115,-4.691,6.534
3.150,4.608,-8.970,5.152
-4.357,6.419,1.882,6.191
2.876,4.185,-1.717,6.010
1.893,4.378,-5.984,6.681
0.653,4.438,4.369,4.312
-0.861,6.649,-5.569,7.050
2.643,5.091,-1.686,5.415
4.317,5.760,-7.424,5.415
-3.456,3.907,-3.818,6.308
-1.439,4.882,-4.451,7.232
-5.321,3.735,-3.280,6.818
-2.094,4.146,-7.180,5.850
-0.037,5.976,-4.462,5.279
-8.394,4.125,-3.053,6.322
2.161,5.973,-7.062,4.488
5.075,5.072,-5.754,2.610
7.903,6.439,-6.837,3.860
3.615,5.284,-2.416,5.054
1.248,3.408,-2.517,5.328
-6.327,4.263,-4.906,6.496
1.869,4.604,-3.867,7.401
-0.435,3.996,-4.348,6.158
-6.584,4.961,-4.790,5.316
5.115,3.069,-9.575,5.291
-1.688,5.198,-3.936,6.261
1.884,4.207,-3.664,4.466
2.478,5.166,-5.357,5.302
-1.210,2.008,-5.231,9.327
2.886,4.705,-9.383,5.972
7.008,5.372,-1.089,7.142
-1.652,3.729,-0.225,10.124
1.001,3.783,-4.537,7.520
-4.342,5.082,-3.001,9.688
-2.538,3.653,-8.217,5.744
-0.733,6.729,-6.056,4.138
5.649,4.019,-3.553,6.142
1.464,4.804,-5.645,5.009
-3.937,3.602,-6.959,5.427
2.193,4.554,-3.292,5.019
6.535,6.017,-12.433,4.256
-0.489,5.273,-2.016,4.251
3.643,5.412,-9.275,5.106
0.926,4.017,-3.816,6.372
4.274,5.667,-7.807,7.275
-0.540,4.965,-6.563,4.850
-0.342,4.770,-5.531,6.357
4.204,6.016,-3.139,2.506
5.012,4.557,-6.074,5.955
-1.062,3.521,-6.475,4.917
5.868,5.767,-4.156,5.055
-5.523,5.867,-10.027,5.660
0.615,6.234,-4.600,5.445
1.413,5.254,-4.831,6.531
4.250,4.751,1.095,5.902
4.591,4.609,-1.629,5.687
1.018,5.510,-2.040,4.329
7.058,4.352,-7.755,5.544
-0.864,5.259,-9.969,4.904
5.098,4.761,-0.817,6.268
-1.452,3.489,-3.752,4.422
4.688,5.204,-6.060,6.210
1.738,6.076,-3.089,3.198
-0.099,4.590,6.088,6.294
1.642,5.070,-3.800,3.750
5.688,4.220,-5.227,3.846
1.105,4.357,-2.235,2.174
-0.077,4.933,-4.257,5.507
4.049,4.743,-4.634,3.717
-0.060,4.989,-7.847,6.193
3.629,4.681,-3.414,6.691
-3.965,6.303,-2.122,4.867
5.993,5.669,-6.875,4.247
-1.821,4.811,-10.820,6.533
0.756,4.711,-10.105,9.262
5.459,5.077,-4.007,8.875
4.001,5.609,-5.094,5.947
0.429,4.555,-12.066,4.566
2.000,5.191,-6.932,6.829
-1.522,4.789,-6.789,8.003
2.897,5.415,-8.435,5.934
0.528,5.769,-5.476,6.014
4.113,4.753,-2.476,4.058
3.500,6.037,-6.101,5.284
7.899,3.949,-5.423,2.922
6.357,6.824,-3.456,4.723
2.377,6.394,-3.370,5.183
0.245,5.728,-6.160,6.470
4.675,5.024,-2.587,5.623
3.746,3.255,-3.547,5.072
2.827,4.598,-2.284,5.247
2.198,4.827,-5.393,6.153
8.576,6.506,-7.410,5.941
3.176,4.999,-1.041,4.279
1.992,5.540,-4.555,3.496
0.054,6.725,-3.032,6.908
4.091,4.537,-3.798,7.683
-0.080,4.681,-5.910,4.442
1.118,5.335,0.949,5.113
0.872,6.108,-1.636,6.288
0.611,4.377,-5.186,6.030
0.377,5.155,-5.813,5.602
0.685,4.831,-7.669,4.459
0.334,6.722,0.821,5.673
0.709,6.234,-12.703,6.001
-1.614,3.311,-10.745,5.640
-0.118,4.959,-5.381,7.172
-0.291,3.676,-6.142,4.657
0.939,4.098,-3.594,7.244
0.941,3.948,-5.648,3.131
2.279,5.455,-8.801,5.978
3.298,6.125,-7.873,9.151
-0.578,4.765,-4.208,6.711
3.346,3.660,-4.473,6.493
2.369,6.113,-8.872,3.907
3.237,4.149,-0.448,4.521
-0.324,5.185,-4.358,6.196
2.134,5.055,-4.177,5.201
2.143,6.979,-6.715,4.289
0.726,4.310,0.023,7.032
0.236,4.241,-5.170,3.512
4.277,4.413,-4.877,4.466
0.996,6.485,-2.406,4.112
3.021,5.345,-6.707,5.361
5.309,6.439,-1.779,3.590
-1.145,6.473,-0.693,7.115
4.852,4.752,-3.801,4.621
-0.302,4.429,-8.666,4.759
0.602,5.321,-3.801,3.900
1.674,6.074,-8.483,4.599
0.489,5.181,-1.843,5.192
6.215,3.345,-7.435,2.441
1.671,5.675,-5.289,3.888
2.095,4.734,-2.112,4.188
-1.418,5.118,-4.821,6.359
-2.008,5.852,-4.609,3.839
-0.631,4.732,-6.943,6.703
-2.489,4.927,-8.706,2.873
-1.969,3.400,-6.911,6.090
3.032,7.044,-9.101,5.271
-4.664,4.477,-7.894,5.597
0.593,4.625,-3.459,6.576
3.394,5.736,-7.511,5.084
-4.719,5.689,1.626,5.753
-1.204,5.854,-3.642,2.332
3.565,4.384,-3.156,4.944
0.423,3.970,-3.933,2.069
2.955,4.980,-5.241,6.910
-0.024,3.678,-6.642,5.072
-0.341,5.130,-7.710,5.437
-1.974,4.877,-3.144,3.395
5.109,5.057,-3.795,6.203
-0.648,5.325,-7.139,6.598
1.217,4.119,-5.148,3.834
4.276,4.240,-3.187,6.177
2.425,5.720,-6.216,4.936
-0.665,6.222,-5.680,5.466
-1.713,3.924,2.811,6.120
-2.831,6.141,1.563,4.075
1.326,5.782,-7.062,6.904
5.759,5.190,-0.877,4.213
3.469,4.242,-5.600,5.404
4.657,3.784,-4.228,4.130
-2.280,3.248,-0.930,3.815
-1.824,4.357,-9.582,7.872
5.838,5.743,-2.223,6.767
-2.641,7.752,-12.977,6.188
5.378,4.857,-5.184,5.877
7.904,3.599,-5.719,7.184
3.697,5.373,-5.939,6.196
6.101,4.116,-4.585,5.485
-2.626,4.091,-2.961,3.510
1.835,4.299,-7.832,6.907
0.568,4.134,-5.871,3.481
1.128,3.479,-8.186,6.817
1.770,3.655,-6.155,3.447
-0.919,5.586,-5.567,6.900
1.733,5.292,0.559,7.158
2.993,5.854,-1.806,2.403
-1.490,6.427,-9.296,5.526
-2.627,5.405,-5.102,6.197
-1.797,4.935,-9.140,5.127
-5.834,4.229,-4.591,5.746
3.676,5.157,-9.588,3.043
1.267,3.697,-2.640,6.140
-0.382,6.113,-5.776,5.928
1.383,6.010,-6.542,5.568
2.692,4.072,-4.312,4.820
2.456,4.899,-6.211,7.795
1.727,3.760,-8.819,5.761
6.710,4.169,-3.307,6.378
-3.612,5.449,-9.276,5.385
3.180,3.775,-7.318,4.592
4.874,4.188,-5.029,5.968
8.386,3.051,-3.563,3.784
-0.045,4.133,-2.938,6.559
3.763,7.525,-6.615,4.777
-0.376,3.439,-2.661,5.765
1.325,4.639,-5.292,4.552
0.531,5.622,-5.386,6.073
-0.259,6.666,-10.023,5.904
2.485,4.416,-9.360,5.470
-2.327,5.973,-4.683,4.787
9.701,4.206,-3.433,3.752
2.028,5.412,-8.043,6.414
4.283,6.099,-6.145,5.276
-3.470,6.478,-5.086,4.054
3.630,4.495,-1.781,2.677
3.513,5.352,-5.912,5.083
0.482,5.094,-8.247,4.680
-5.467,5.670,1.545,4.875
-4.563,4.805,-6.662,5.359
-0.981,5.075,-3.869,5.355
2.767,4.275,-6.577,4.078
0.172,4.431,-10.707,5.653
-2.187,5.315,-6.306,5.941
6.927,4.581,-5.127,2.271
-1.276,4.268,-6.714,9.468
0.256,5.147,-11.726,6.719
3.015,5.793,-5.682,6.189
-2.271,6.974,-7.392,5.752
6.800,2.456,-0.805,5.184
0.151,4.149,-3.339,3.912
-1.091,5.631,-7.773,4.288
1.664,5.453,-2.636,4.140
-0.243,5.178,-2.122,7.995
1.088,3.932,-3.700,7.886
2.328,4.954,-5.253,4.018
-1.535,4.494,-2.181,5.071
2.553,5.278,-6.582,4.103
5.608,6.623,-3.762,7.347
1.529,6.160,-3.615,5.217
3.289,5.455,-8.905,4.643
-1.996,3.709,-4.079,6.540
-1.459,4.666,-9.607,6.489
4.368,4.230,-2.911,6.116
0.792,6.167,-10.951,3.736
1.753,4.206,-7.078,6.703
4.736,5.346,-4.733,4.753
-4.324,5.025,-4.974,5.738
1.362,5.694,-8.111,4.285
-1.679,5.001,-7.574,4.784
4.056,6.525,-8.552,3.811
-1.002,5.686,-7.336,5.464
-0.372,6.353,-1.326,6.027
2.764,5.713,-1.286,6.147
0.501,1.637,-5.755,5.241
-2.924,4.258,-5.602,5.028
3.175,4.756,-11.133,3.740
-0.602,6.294,-7.876,3.752
2.558,5.245,-6.016,3.166
-3.259,4.453,-5.409,5.021
-2.086,3.725,-6.895,5.443
5.314,2.919,-9.348,6.531
1.903,5.173,-5.092,5.384
2.322,3.984,-4.695,5.805
2.766,4.373,-6.201,7.315
1.414,4.255,0.837,4.787
2.018,5.102,-2.968,6.285
2.896,4.549,-7.281,7.153
8.640,3.589,-4.317,3.793
3.578,4.825,-5.926,6.097
1.597,5.532,-2.692,5.579
-2.103,3.829,-5.676,5.192
2.613,5.260,-8.486,5.645
9.582,4.799,-4.092,3.753
5.764,5.335,-7.142,6.687
-3.052,4.258,-1.642,4.871
-1.105,6.242,-4.738,4.465
0.868,5.881,-6.866,6.885
-0.693,4.546,-3.090,5.460
-3.792,5.389,-3.749,5.103
0.233,4.861,-4.076,4.829
-2.203,3.974,-3.556,4.099
4.454,3.877,-3.664,5.586
2.121,5.395,-8.042,6.423
1.748,4.926,-9.597,4.375
1.114,4.889,-3.857,4.933
-0.351,6.052,-5.243,5.014
-5.980,5.962,-2.170,2.604
1.736,6.794,-11.246,4.611
6.878,6.924,-3.944,3.155
-0.903,5.402,-5.621,3.885
-3.297,4.425,-4.610,6.692
1.229,5.305,-6.707,4.455
-0.065,5.439,-6.274,6.320
0.561,5.250,-1.788,5.935
7.869,4.995,-6.325,6.268
0.085,5.552,-5.058,2.763
0.905,5.502,-8.475,4.806
6.203,6.023,-6.818,5.854
-0.426,4.731,-5.481,6.076
1.459,4.047,3.528,5.337
-0.431,4.529,-5.664,5.951
-2.017,5.629,-4.092,4.571
0.776,3.751,-5.017,5.607
0.888,6.544,-5.582,6.050
3.348,5.373,-3.726,5.349
3.552,5.797,-5.115,2.767
1.834,3.969,-7.370,3.143
2.485,2.993,-3.630,2.160
-0.529,5.564,-7.634,4.667
2.335,4.954,-4.410,6.882
-1.092,2.763,-2.036,3.710
9.395,5.302,-3.087,6.713
-1.725,7.898,-4.002,3.606
3.702,5.244,-5.516,3.705
6.416,3.576,-6.824,4.973
3.603,5.389,-6.563,5.821
1.384,5.502,-6.592,7.152
4.541,4.308,-4.525,4.537
-1.386,6.114,-6.847,4.829
0.345,4.346,-3.779,2.731
0.315,4.379,-3.230,3.570
3.336,6.035,-3.070,5.120
-2.446,4.270,-6.460,3.946
-3.577,4.897,-12.041,3.524
-1.008,5.184,-8.236,6.615
3.367,5.334,-10.471,6.578
1.297,4.459,-6.761,3.738
7.114,5.264,-4.063,3.913
-3.919,4.649,-7.152,6.557
-4.062,4.887,-4.663,4.703
1.410,5.362,-6.454,3.683
0.248,4.189,-2.276,2.737
0.718,5.504,-5.551,4.613
-3.863,5.626,-1.865,2.537
-5.799,3.411,-5.462,6.042
1.768,4.716,-6.349,5.803
5.111,4.787,-3.916,5.882
6.703,5.289,-4.632,6.006
3.578,4.682,-7.417,10.038
-3.761,4.865,-8.221,5.187
4.747,6.500,-6.460,6.883
2.343,3.736,-3.478,2.291
0.233,4.753,-10.132,6.031
1.061,4.785,-5.092,7.647
-1.301,6.323,-2.952,7.248
3.769,2.499,-0.565,6.401
-4.815,4.031,-6.210,3.292
-3.285,5.260,-1.796,4.417
3.363,5.871,-7.535,5.563
-1.384,4.768,-1.479,5.008
-1.346,5.737,-7.371,5.549
6.723,4.416,-8.433,5.631
7.528,3.782,-9.811,5.990
-1.156,4.781,-5.835,7.729
-1.768,3.689,-1.710,5.962
-2.748,5.307,-5.757,4.930
0.603,5.779,-3.285,4.784
1.435,5.976,-9.379,6.832
-3.621,5.760,-5.910,4.627
0.575,5.247,-6.409,5.802
0.469,4.811,-5.943,4.289
-3.564,5.472,-8.181,6.737
6.530,4.975,-7.639,5.405
1.848,5.703,-2.947,6.638
1.379,5.121,-4.073,3.286
7.015,5.816,-2.692,6.923
5.299,4.854,-6.879,5.952
-3.027,5.539,1.606,1.685
1.824,4.717,-4.420,4.471
4.127,4.430,-2.462,5.492
2.299,5.570,-2.109,4.802
0.693,4.109,0.109,7.736
-0.688,4.832,-7.510,4.765
3.297,5.563,-7.289,4.920
-1.823,4.744,-6.001,6.238
0.055,6.053,-4.537,8.647
3.289,4.901,-3.969,5.841
-0.710,4.982,-1.671,5.155
1.848,4.734,-6.634,5.032
3.808,5.639,-3.221,4.691
2.195,3.498,-1.356,2.781
1.746,5.347,-3.724,3.715
1.289,3.795,-3.169,5.316
-3.522,6.677,-5.164,6.248
4.610,4.207,-7.189,5.659
3.915,4.479,-7.732,7.318
2.610,3.391,-7.822,5.772
-2.084,6.125,-4.009,8.171
-2.404,6.036,-2.569,4.578
4.139,5.415,-6.932,6.808
0.951,5.982,-6.840,4.954
0.636,5.523,-0.736,5.970
-0.014,4.129,-3.607,5.938
4.482,5.089,-6.592,5.906
3.388,4.719,-1.557,5.584
5.964,5.608,-4.585,7.185
-3.605,4.976,-8.473,6.180
2.665,6.019,-6.814,5.994
3.118,6.626,-5.316,4.663
-3.106,4.866,-4.544,6.368
4.805,6.434,-6.452,6.567
-1.689,5.566,-9.213,7.554
5.738,5.842,-1.665,3.831
1.848,5.495,-1.484,6.260
-1.964,6.286,-2.188,6.682
3.156,4.520,-1.009,3.918
-0.137,5.590,-7.888,5.087
-0.228,6.623,-9.579,7.708
3.323,5.118,-10.398,6.699
5.515,4.102,-4.952,4.642
4.467,5.833,-6.186,5.023
-1.639,5.280,-3.053,5.736
1.782,4.980,-0.830,4.748
-0.726,6.071,-1.941,4.855
-3.143,3.499,-10.106,4.764
2.832,7.246,-0.484,8.261
-1.156,3.816,-1.892,4.624
6.190,4.257,2.162,5.748
0.253,6.066,-5.490,4.414
-2.940,6.636,-3.253,4.975
2.324,5.621,-4.350,8.642
7.950,6.071,-10.673,6.954
-0.384,3.851,-6.389,4.142
3.507,5.589,-7.548,4.837
6.998,2.884,-1.080,5.250
-0.585,5.147,-8.878,7.749
-2.150,4.585,-9.779,4.210
2.870,5.404,-2.166,4.197
5.022,5.013,-10.037,7.146
0.824,4.834,-3.710,4.694
2.128,4.117,-9.474,7.659
3.682,2.630,-3.820,3.214
5.834,4.960,-3.175,3.785
-0.413,5.708,-1.800,5.498
-0.238,7.162,-2.780,3.543
-5.143,5.305,-7.253,3.416
8.142,5.210,-7.469,4.711
1.813,3.565,-8.185,6.795
0.181,5.929,-6.749,5.131
1.391,6.335,-3.747,5.499
-0.758,4.823,-9.614,5.674
-7.496,4.179,-6.238,5.753
5.967,5.714,-7.979,6.233
-2.745,5.937,-4.710,4.980
1.081,4.293,-4.179,2.821
-2.579,4.749,-6.236,5.991
3.788,5.554,-3.648,4.795
1.453,4.870,-2.681,7.214
-2.466,6.225,-2.895,5.323
4.459,6.485,-3.716,1.713
1.068,4.993,-5.482,4.764
1.578,4.310,-4.151,9.343
1.868,4.917,-3.178,5.152
1.791,4.190,-7.583,6.325
7.020,5.581,-6.246,3.405
-6.769,2.539,-8.447,5.729
5.789,5.378,-3.967,6.681
2.897,3.999,-11.049,4.741
2.033,4.338,-9.699,4.126
5.198,6.750,-0.041,6.168
0.978,3.424,-3.967,6.755
-0.843,5.874,-1.369,4.794
2.632,4.931,-3.355,4.084
2.491,5.479,-7.672,3.115
-1.803,4.940,-2.092,6.268
-3.796,6.798,-6.346,5.064
-4.282,5.017,-6.068,3.481
2.279,3.387,-3.553,3.071
-1.162,4.174,-2.026,7.030
-0.763,6.357,-6.800,6.269
2.960,4.123,-6.439,6.711
-4.581,4.463,-0.303,4.834
-0.326,6.490,1.874,3.418
-4.103,5.687,-7.508,5.584
0.177,5.988,-7.599,5.385
5.188,4.483,-4.553,5.896
7.642,4.331,-7.083,5.394
1.845,6.324,-5.779,5.010
0.833,6.488,-6.594,5.419
-5.886,6.906,-6.144,4.690
1.018,6.279,-4.590,4.334
-2.051,6.415,-2.509,8.354
-3.480,5.973,-2.038,4.726
3.021,6.304,-0.090,6.580
-2.760,3.668,-2.907,6.078
-0.943,5.233,-5.430,4.664
1.074,6.367,-3.803,3.748
5.062,5.547,-9.459,7.864
-2.930,5.098,-4.627,5.326
-1.376,4.764,-1.101,5.060
5.967,4.006,-7.718,5.793
-2.101,5.817,-5.425,6.225
-1.618,6.895,-6.026,4.853
-0.011,2.848,-5.210,5.696
1.493,6.463,-4.081,3.970
4.330,6.442,0.498,5.282
-1.869,4.031,-3.448,6.687
3.617,5.871,-7.867,7.160
-0.934,5.703,-6.785,4.320
-7.135,4.975,-10.142,6.410
-0.377,4.926,-7.619,6.196
3.090,5.163,-7.158,5.368
0.824,5.619,-5.938,4.897
5.084,6.034,-3.466,6.286
2.245,5.078,-6.064,5.299
1.918,5.343,-5.695,3.529
2.853,3.723,-4.638,5.821
-4.157,5.532,-1.570,7.338
-4.393,4.039,-6.869,3.939
-0.698,4.043,-3.398,4.880
-0.544,4.197,-7.026,5.584
3.478,4.810,-5.035,5.327
6.914,6.315,-10.142,4.420
-0.125,5.102,-5.923,5.495
5.331,5.619,-2.754,6.567
4.293,5.157,-7.324,5.708
0.487,3.997,-7.596,3.290
1.816,4.663,-1.967,3.770
4.557,4.619,-3.832,4.913
-0.269,5.922,-7.953,6.173
2.924,6.408,2.565,7.740
-0.572,5.583,-5.122,4.780
2.902,3.216,-11.534,6.022
-1.315,2.924,-6.285,4.677
0.261,5.144,-4.562,5.286
3.975,4.949,-4.683,6.482
-4.053,6.484,-7.094,2.836
-2.697,4.788,-4.656,7.645
-1.383,5.618,-10.104,6.614
2.138,5.252,-2.038,3.321
3.437,4.900,-1.516,9.389
2.204,3.680,-0.202,6.466
5.013,4.360,-5.555,5.066
3.202,4.617,-6.087,4.424
-3.339,4.921,1.146,5.409
-3.174,7.497,-9.872,4.966
1.262,4.445,-2.538,6.562
2.445,3.994,-7.108,5.639
0.315,5.169,-8.396,7.167
4.092,5.515,-6.018,6.207
-0.387,6.187,-2.046,6.439
-2.182,6.877,-7.230,7.377
-3.220,4.566,-2.046,5.774
2.139,3.817,-7.208,6.244
4.845,6.346,-9.071,4.577
1.545,3.802,-2.867,4.191
7.875,4.272,-5.008,5.971
0.326,4.198,-1.857,5.232
2.484,1.942,-8.766,3.632
4.038,4.343,-6.735,4.792
-3.441,4.644,-6.427,5.091
3.846,3.665,-9.326,6.799
7.632,5.606,-3.370,0.751
0.707,4.039,-5.851,7.195
-0.939,4.898,-4.074,2.823
5.129,5.029,-1.139,6.484
-0.080,4.912,-0.871,4.669
3.244,5.617,-5.912,6.573
-0.830,3.373,-1.667,6.070
0.837,4.975,-4.153,6.095
0.041,5.242,-5.780,6.279
1.814,5.678,-7.229,5.538
-0.894,5.508,-3.168,5.795
2.281,4.076,-6.728,5.977
0.373,4.182,-1.637,5.662
8.868,6.850,-6.152,4.155
-1.245,3.471,-7.919,3.338
2.355,6.142,-6.002,3.970
3.106,3.305,0.117,7.858
-5.393,6.603,-4.588,7.985
-1.034,4.360,-5.452,4.845
-0.008,4.231,-5.044,4.443
3.490,3.802,-3.769,5.793
0.640,4.486,-5.428,4.101
1.844,5.539,-1.438,1.786
-2.793,4.680,0.421,4.068
3.610,4.038,-5.459,2.507
6.052,4.084,-7.514,4.693
-4.318,4.344,-5.929,3.353
2.815,6.056,-1.706,4.894
0.875,4.360,-8.115,3.923
0.506,4.392,-4.010,5.690
-1.597,5.024,-7.808,3.084
-4.603,4.681,-3.304,3.353
2.709,4.525,-2.743,4.624
-0.215,2.647,-0.795,4.208
0.091,6.501,-7.357,6.094
-0.053,4.916,-7.142,7.022
6.126,5.131,-6.490,4.723
-0.231,4.984,-3.682,5.931
-0.952,3.271,-7.228,4.391
-0.925,4.603,-7.824,5.299
0.484,4.781,-4.710,3.968
-2.335,3.352,-3.623,6.091
3.275,5.869,-4.636,5.942
1.669,5.208,-7.113,5.403
1.172,6.011,-5.625,3.773
-3.699,5.637,-0.371,4.318
2.591,5.582,-5.312,6.183
-0.954,5.246,-6.706,5.332
2.929,5.910,-5.415,6.355
2.074,7.224,-1.119,4.622
-1.799,5.942,-3.602,4.299
2.134,6.612,-1.098,4.872
-5.496,5.605,-1.594,4.772
-2.637,5.039,-6.503,5.248
2.236,4.238,-5.606,5.547
0.396,3.760,-3.380,6.187
-0.214,4.003,-3.686,5.147
-0.591,5.163,-7.076,6.677
1.099,4.497,-4.215,4.438
0.710,5.813,-4.975,5.075
0.763,3.820,-4.097,6.901
0.813,2.904,-8.106,5.552
0.076,4.393,-6.807,6.577
1.116,4.424,-4.619,2.992
2.232,4.935,-2.687,2.882
-1.116,5.646,-4.581,4.147
-2.156,4.563,-7.086,5.853
4.897,4.299,-6.409,7.322
5.312,5.812,-3.985,7.047
1.342,5.451,-6.395,5.983
2.190,7.499,-3.302,3.816
3.575,5.700,-4.467,5.527
-0.713,4.345,-1.664,5.157
2.719,5.014,-9.841,4.063
4.297,6.270,-7.125,4.683
-2.519,4.166,-2.833,5.821
2.548,5.317,-6.073,2.844
7.787,5.231,-6.121,5.794
0.669,6.361,-9.446,5.922
3.449,4.636,-9.154,4.850
6.390,5.602,-12.509,3.785
-1.836,4.332,-2.276,6.762
-2.451,4.669,-6.359,4.602
0.025,5.752,0.934,6.768
-3.274,5.127,-7.442,5.258
4.000,6.568,-8.414,3.796
-1.921,5.360,-8.000,5.994
3.708,5.770,-2.544,5.257
-2.171,5.507,-8.613,8.768
-1.314,4.533,-10.597,4.810
4.601,4.078,-3.908,6.670
-1.054,3.797,-5.252,6.069
0.903,5.328,-2.936,5.258
2.817,5.307,-5.995,4.268
6.704,3.721,-6.791,4.626
-1.451,5.286,-3.909,8.159
4.549,4.973,-6.158,5.348
1.425,4.689,-3.598,5.731
4.419,6.103,-8.597,6.290
2.987,3.870,-4.772,5.036
-5.609,4.216,-6.813,5.285
0.815,3.898,-6.910,3.163
6.775,7.177,-1.765,3.911
7.667,4.490,-3.885,6.752
0.395,4.749,-5.343,7.385
0.897,4.518,-6.658,5.625
1.007,4.623,-3.186,4.598
-2.259,5.807,-5.408,5.413
4.404,3.861,-4.103,5.385
2.341,5.371,-1.822,5.315
-4.396,4.860,1.791,3.575
3.007,5.987,-1.085,5.485
-1.348,5.837,-5.147,3.776
-5.426,4.935,-4.902,7.410
3.323,5.252,-7.050,4.879
-3.764,5.433,0.201,7.272
0.837,7.057,-5.840,4.943
0.742,3.899,-2.004,4.397
-1.748,5.577,-5.793,6.327
3.956,3.499,-4.148,4.903
0.476,5.733,-4.879,5.882
-0.480,5.730,-1.794,4.732
-3.146,6.464,-9.858,3.409
0.470,5.673,-3.364,6.703
1.870,6.496,-1.159,8.238
-1.408,5.407,-3.452,3.048
2.002,6.325,-7.908,5.009
-1.183,5.115,-0.543,5.452
4.655,4.829,-4.908,5.319
0.865,6.492,-2.560,5.342
3.933,3.469,1.774,4.907
-3.152,4.874,-7.462,4.410
-1.030,4.650,-0.807,4.035
4.435,5.135,-10.799,7.091
-1.551,5.784,-3.970,4.948
3.926,4.479,-8.743,3.101
-0.094,4.799,-7.103,3.762
-1.610,5.476,-3.356,6.055
-0.477,6.374,-7.133,5.478
3.479,5.151,-5.647,6.202
0.256,5.911,-4.472,4.243
1.161,4.472,1.135,6.197
-5.680,4.122,-9.485,5.903
-1.624,3.559,-8.081,4.647
-0.868,3.132,-4.710,5.054
6.610,4.991,-10.857,5.764
-2.589,5.628,-6.133,5.513
5.111,5.886,-2.859,4.158
-2.322,6.162,-4.261,4.647
-0.608,5.379,0.715,4.593
2.107,5.322,-10.543,6.010
4.450,7.455,-0.407,7.515
8.131,4.399,-5.548,6.150
0.077,3.819,-3.475,7.009
1.792,5.243,-3.597,6.696
-2.990,4.484,-4.435,3.418
3.237,4.328,-5.809,6.290
-0.277,4.755,-0.779,6.421
-2.969,7.200,-4.561,4.101
-1.187,4.698,-7.520,6.390
1.637,3.681,-3.545,5.523
-4.419,5.822,2.814,6.752
6.046,4.287,-4.521,5.214
3.179,4.072,-3.140,5.077
-1.534,4.453,-2.627,5.612
-0.231,5.611,-4.257,6.468
6.994,6.431,-2.647,4.575
-5.743,4.453,-1.552,5.747
-2.938,4.628,-5.206,4.470
-3.312,4.765,-1.307,6.694
0.215,5.220,0.073,7.223
2.146,4.114,-5.371,4.642
-0.438,5.026,-4.080,4.951
-0.131,5.020,-3.262,5.918
-5.278,5.017,-6.406,4.779
4.294,4.623,-6.723,3.297
1.122,5.890,-4.100,4.282
-1.888,5.180,-3.815,3.933
2.247,5.575,-5.917,6.406
-7.530,6.290,-6.161,5.829
2.736,6.335,-8.510,5.355
10.913,5.862,-5.670,6.193
3.673,5.692,-6.145,7.454
1.240,2.837,-0.569,6.499
7.978,6.960,-8.008,8.785
1.523,4.904,-1.212,7.649
-4.486,3.259,-9.838,5.006
3.344,6.764,-4.000,5.592
0.016,5.000,-4.720,4.001
-3.673,5.359,-5.816,7.037
0.896,5.450,-2.921,7.415
-0.908,3.910,-5.822,6.054
-2.374,2.664,-0.958,6.097
1.327,5.883,-0.903,5.060
0.286,6.469,-6.355,5.376
6.768,6.894,-2.764,5.205
0.967,4.040,-3.166,8.042
-3.317,5.690,-5.546,5.355
1.314,5.912,-3.202,4.815
0.708,5.402,-7.061,4.363
2.784,3.458,-3.242,2.385
-2.552,3.060,-4.680,7.437
-1.252,4.259,-3.311,5.549
-3.978,5.058,-4.543,3.340
-0.513,4.845,2.437,3.901
2.146,5.936,-13.441,5.268
2.659,4.958,-6.808,3.251
-3.728,4.661,-2.216,4.759
1.770,4.909,-4.517,6.570
-2.188,5.707,-7.786,5.404
5.695,7.468,-8.828,5.708
-5.409,3.501,-5.987,6.931
-0.571,1.707,-9.444,3.818
3.987,4.666,0.071,6.161
1.943,4.169,-2.470,3.542
5.924,3.596,-3.613,3.540
-2.431,5.563,-4.958,6.637
0.271,5.929,-3.794,5.187
0.503,5.243,-3.208,7.042
-5.840,4.645,-6.006,4.721
7.666,3.557,-7.556,5.849
3.676,3.633,-2.059,6.348
3.383,3.582,-12.012,7.359
3.575,6.172,0.282,4.661
-2.415,4.877,-9.391,3.301
2.835,3.724,-6.997,4.801
1.187,5.164,-6.817,4.948
7.119,3.348,-7.016,5.440
4.842,3.221,-7.533,3.164
3.369,3.307,-2.992,5.225
1.272,4.454,-5.860,6.435
1.847,6.079,-0.829,4.814
1.930,6.276,-7.924,4.453
1.961,3.777,-1.200,4.177
-1.692,4.570,-7.647,5.319
-1.053,4.783,-3.275,4.729
2.093,6.050,-2.641,6.488
1.998,4.189,-2.312,4.491
4.559,5.026,-3.241,2.504
2.608,5.494,-3.933,6.013
3.271,5.843,-12.740,3.607
6.501,6.746,-4.208,6.595
4.453,5.095,-3.861,4.058
-0.598,2.483,-4.607,3.724
-3.477,5.249,-8.178,4.152
0.616,4.458,-6.711,5.800
0.378,5.545,-9.089,7.242
3.349,7.157,-8.462,6.781
0.250,2.965,-2.210,6.640
0.470,5.259,-6.147,4.693
0.967,5.568,-4.282,4.624
2.261,3.268,-9.594,5.000
1.678,5.468,-1.797,6.781
6.638,5.674,-5.097,3.370
0.169,5.788,-5.209,2.460
2.827,4.532,-6.029,6.855
1.591,5.702,-7.324,4.632
-3.949,5.690,-5.408,5.080
-1.732,5.331,-2.674,3.306
5.578,4.747,-8.477,3.767
0.148,5.451,-7.125,6.079
0.542,4.718,-6.089,5.634
1.103,7.114,-5.993,7.853
-3.321,5.820,-0.842,4.426
2.958,4.160,-8.145,6.427
-2.110,4.184,-7.167,6.216
0.701,5.221,-3.808,4.931
4.240,4.508,-6.483,7.304
1.896,6.363,-2.320,4.312
0.118,5.734,-2.665,5.301
1.335,5.689,-5.943,4.919
-5.439,6.900,-5.438,6.430
-0.565,4.815,-6.579,9.729
2.110,3.044,-7.708,4.783
-4.458,5.100,-3.489,6.014
1.940,4.833,-7.671,6.125
1.791,3.681,-3.181,7.151
5.110,5.429,-7.177,5.417
-1.590,3.886,-6.524,3.097
1.370,3.875,-3.226,4.597
0.083,4.701,-4.907,5.288
